family,replicate,scenario_seed,controller,plant_id,tmax_s,capture_radius_m,intercept_lead_s,controller_period_s,initial_yaw_rad,target_peak_speed_mps,target_peak_acceleration_mps2,captured,capture_time,capture_relative_speed,minimum_separation,final_separation,separation_rmse,qualified_dwell_s,qualified_time_reference,qualified_sample_convention,qualified_capture_speed_2p0_mps,qualified_capture_time_speed_2p0_mps_s,qualified_capture_speed_3p0_mps,qualified_capture_time_speed_3p0_mps_s,qualified_capture_speed_5p0_mps,qualified_capture_time_speed_5p0_mps_s,failure_aware_capture_time_s,mean_solve_ms,p95_solve_ms,failed_solves,allocator_altered_steps
accelerating,0,801000,EDMDc-MPC,nominal,20.0,0.75,0.0,0.01,2.823030083875133,2.2897334987859956,0.11561317019510652,1,3.27,0.9473896823942007,0.008276217184250293,0.047179447225118555,3.0327986465882772,0.2,dwell_end,elapsed_interval,1,3.47,1,3.47,1,3.47,3.27,2.8926631500507938,3.115145000629127,0,0
accelerating,0,801000,Linear MPC,nominal,20.0,0.75,0.0,0.01,2.823030083875133,2.2897334987859956,0.11561317019510652,1,3.2800000000000002,1.1508429450500461,0.006763487912813961,0.01015147755151615,3.1439659246821643,0.2,dwell_end,elapsed_interval,1,3.48,1,3.48,1,3.48,3.2800000000000002,4.2048833499866305,4.678194996085949,0,0
accelerating,0,801000,PID,nominal,20.0,0.75,0.0,0.01,2.823030083875133,2.2897334987859956,0.11561317019510652,1,2.18,9.368892504377062,0.050544637833976155,0.9341321957690514,4.425017921749347,0.2,dwell_end,elapsed_interval,1,15.09,1,14.91,1,11.57,2.18,0.0,0.0,0,0
accelerating,1,801001,EDMDc-MPC,nominal,20.0,0.75,0.0,0.01,-2.8817929453832853,2.6802160654138745,0.11643978722743827,1,3.0,0.9420014844229804,0.0066358590036371375,0.06890909785008244,2.3732078980951647,0.2,dwell_end,elapsed_interval,1,3.2,1,3.2,1,3.2,3.0,2.9018779002071824,3.2046100110164843,0,0
accelerating,1,801001,Linear MPC,nominal,20.0,0.75,0.0,0.01,-2.8817929453832853,2.6802160654138745,0.11643978722743827,1,2.94,1.155805229457851,0.007028394756394036,0.011028411018080966,2.4483899877493913,0.2,dwell_end,elapsed_interval,1,3.14,1,3.14,1,3.14,2.94,4.118356350110844,4.7836999874562025,0,0
accelerating,1,801001,PID,nominal,20.0,0.75,0.0,0.01,-2.8817929453832853,2.6802160654138745,0.11643978722743827,1,1.98,8.49890218811056,0.13178250167939173,1.0346376752327995,3.495042021891639,0.2,dwell_end,elapsed_interval,1,13.530000000000001,1,10.71,1,10.450000000000001,1.98,0.0,0.0,0,0
accelerating,2,801002,EDMDc-MPC,nominal,20.0,0.75,0.0,0.01,-3.0537900474247146,2.466404541628091,0.09851419451701837,1,3.15,0.9548581599304952,0.006283209269592519,0.06349916335486706,2.787045700656352,0.2,dwell_end,elapsed_interval,1,3.35,1,3.35,1,3.35,3.15,2.9039650497870753,3.1868199919699687,0,0
accelerating,2,801002,Linear MPC,nominal,20.0,0.75,0.0,0.01,-3.0537900474247146,2.466404541628091,0.09851419451701837,1,3.11,1.169132685072729,0.006266800503487382,0.009916058286741088,2.893208352046075,0.2,dwell_end,elapsed_interval,1,3.31,1,3.31,1,3.31,3.11,4.398957349505508,5.391509989567567,0,0
accelerating,2,801002,PID,nominal,20.0,0.75,0.0,0.01,-3.0537900474247146,2.466404541628091,0.09851419451701837,1,2.07,8.747814248720475,0.08894924051156122,0.9274674293490326,3.8040880225532483,0.2,dwell_end,elapsed_interval,1,13.76,1,11.82,1,10.63,2.07,0.0,0.0,0,0
accelerating,3,801003,EDMDc-MPC,nominal,20.0,0.75,0.0,0.01,2.6268859527841606,2.549004630682171,0.11460636327017175,1,3.2,0.9572317180721231,0.01550903415844182,0.06917711171768755,2.761999565431214,0.2,dwell_end,elapsed_interval,1,3.4,1,3.4,1,3.4,3.2,2.9510306001175195,3.460230007476639,0,0
accelerating,3,801003,Linear MPC,nominal,20.0,0.75,0.0,0.01,2.6268859527841606,2.549004630682171,0.11460636327017175,1,3.48,1.1561710047532008,0.00766161129687595,0.010846257518687947,2.911737855214324,0.2,dwell_end,elapsed_interval,1,3.68,1,3.68,1,3.68,3.48,4.147912099768291,4.60552999866195,0,0
accelerating,3,801003,PID,nominal,20.0,0.75,0.0,0.01,2.6268859527841606,2.549004630682171,0.11460636327017175,1,2.2,8.218629899863842,0.17822096590219655,0.963368170551321,3.50265465020776,0.2,dwell_end,elapsed_interval,1,13.18,1,11.41,1,11.41,2.2,0.0,0.0,0,0
accelerating,4,801004,EDMDc-MPC,nominal,20.0,0.75,0.0,0.01,2.7047340006012592,2.5949476993123324,0.10850784153670417,1,3.46,0.9406000485222423,0.007173820457448917,0.061197585399963256,3.50209565622468,0.2,dwell_end,elapsed_interval,1,3.66,1,3.66,1,3.66,3.46,3.0124685005866922,3.615604998776689,0,0
accelerating,4,801004,Linear MPC,nominal,20.0,0.75,0.0,0.01,2.7047340006012592,2.5949476993123324,0.10850784153670417,1,3.5700000000000003,1.1584822330036955,0.006925207954487858,0.010798109892215557,3.6381915113883414,0.2,dwell_end,elapsed_interval,1,3.77,1,3.77,1,3.77,3.5700000000000003,4.249973249810864,5.129039997700602,0,0
accelerating,4,801004,PID,nominal,20.0,0.75,0.0,0.01,2.7047340006012592,2.5949476993123324,0.10850784153670417,1,2.44,10.027012316272094,0.10602152909922406,0.8079569028761642,5.237437819535599,0.2,dwell_end,elapsed_interval,1,16.16,1,15.99,1,12.44,2.44,0.0,0.0,0,0
accelerating,5,801005,EDMDc-MPC,nominal,20.0,0.75,0.0,0.01,2.4815119497223033,0.5428209499069565,0.02015381181811415,1,3.38,0.9614481687021564,0.002960852372705305,0.006444233973623697,3.220249943482079,0.2,dwell_end,elapsed_interval,1,3.58,1,3.58,1,3.58,3.38,2.871146099685575,3.049925024970434,0,0
accelerating,5,801005,Linear MPC,nominal,20.0,0.75,0.0,0.01,2.4815119497223033,0.5428209499069565,0.02015381181811415,1,3.75,1.1775471814610148,0.0005789873546193711,0.0006607264040444221,3.391083712696708,0.2,dwell_end,elapsed_interval,1,3.95,1,3.95,1,3.95,3.75,4.274168049683794,5.139190015324857,0,0
accelerating,5,801005,PID,nominal,20.0,0.75,0.0,0.01,2.4815119497223033,0.5428209499069565,0.02015381181811415,1,2.37,9.06868623211848,0.10050528102548827,0.14202093248394615,4.293530542256716,0.2,dwell_end,elapsed_interval,1,14.5,1,14.120000000000001,1,11.13,2.37,0.0,0.0,0,0
accelerating,6,801006,EDMDc-MPC,nominal,20.0,0.75,0.0,0.01,2.9362040945186685,0.6480155690632652,0.022353520714518463,1,3.42,0.9236945472765145,0.0019179240261441668,0.010365554414925135,3.2433874897235118,0.2,dwell_end,elapsed_interval,1,3.62,1,3.62,1,3.62,3.42,2.916528250265401,3.3702800210448913,0,0
accelerating,6,801006,Linear MPC,nominal,20.0,0.75,0.0,0.01,2.9362040945186685,0.6480155690632652,0.022353520714518463,1,3.02,1.4849983728979959,0.0015464382793264784,0.0021694750648055578,3.3195630704534342,0.2,dwell_end,elapsed_interval,1,3.22,1,3.22,1,3.22,3.02,4.228211049863603,5.05175501893973,0,0
accelerating,6,801006,PID,nominal,20.0,0.75,0.0,0.01,2.9362040945186685,0.6480155690632652,0.022353520714518463,1,2.34,9.673813471336123,0.09532104076436881,0.2987911034381888,4.646387781917986,0.2,dwell_end,elapsed_interval,1,15.47,1,15.09,1,11.74,2.34,0.0,0.0,0,0
accelerating,7,801007,EDMDc-MPC,nominal,20.0,0.75,0.0,0.01,-2.9247690513600135,1.2150453584789567,0.02574916976020583,1,3.21,0.9504866641486375,0.007654128147851867,0.025533922427974746,2.8961216529148617,0.2,dwell_end,elapsed_interval,1,3.41,1,3.41,1,3.41,3.21,2.9695892999734497,3.4742649993859227,0,0
accelerating,7,801007,Linear MPC,nominal,20.0,0.75,0.0,0.01,-2.9247690513600135,1.2150453584789567,0.02574916976020583,1,3.42,1.174179567390797,0.0030671739758269373,0.003922630868532786,3.0395260205142,0.2,dwell_end,elapsed_interval,1,3.62,1,3.62,1,3.62,3.42,4.201250100202742,4.8529749910812825,0,0
accelerating,7,801007,PID,nominal,20.0,0.75,0.0,0.01,-2.9247690513600135,1.2150453584789567,0.02574916976020583,1,2.18,8.7674446028676,0.07228118227471605,0.4741291198490222,3.8612298192114847,0.2,dwell_end,elapsed_interval,1,13.790000000000001,1,13.56,1,10.64,2.18,0.0,0.0,0,0
accelerating,8,801008,EDMDc-MPC,nominal,20.0,0.75,0.0,0.01,-3.012995032587401,2.2906853186082836,0.10199125061617868,1,3.16,0.9706458997349854,0.007564697461925452,0.060355222262852865,2.805310456304677,0.2,dwell_end,elapsed_interval,1,3.36,1,3.36,1,3.36,3.16,2.885853850079002,3.3335850035655312,0,0
accelerating,8,801008,Linear MPC,nominal,20.0,0.75,0.0,0.01,-3.012995032587401,2.2906853186082836,0.10199125061617868,1,3.5100000000000002,1.157126910642247,0.006614734590116849,0.009603254880604198,2.9978691042040317,0.2,dwell_end,elapsed_interval,1,3.71,1,3.71,1,3.71,3.5100000000000002,4.142207549957675,4.584865014476236,0,0
accelerating,8,801008,PID,nominal,20.0,0.75,0.0,0.01,-3.012995032587401,2.2906853186082836,0.10199125061617868,1,2.02,8.669943218278673,0.04154044200368498,0.8727080540200488,3.6867165146197287,0.2,dwell_end,elapsed_interval,1,13.44,1,11.56,1,10.370000000000001,2.02,0.0,0.0,0,0
accelerating,9,801009,EDMDc-MPC,nominal,20.0,0.75,0.0,0.01,3.0913204126244325,1.4566583297905866,0.050814069345067825,1,3.36,0.9657476486231114,0.007233396259293088,0.03476407136125186,3.0292857860071707,0.2,dwell_end,elapsed_interval,1,3.56,1,3.56,1,3.56,3.36,2.9246372507914202,3.428770000755321,0,0
accelerating,9,801009,Linear MPC,nominal,20.0,0.75,0.0,0.01,3.0913204126244325,1.4566583297905866,0.050814069345067825,1,3.8200000000000003,1.1588365687199185,0.0038994668694717653,0.0050801786765189965,3.238026500388263,0.2,dwell_end,elapsed_interval,1,4.0200000000000005,1,4.0200000000000005,1,4.0200000000000005,3.8200000000000003,4.225244100132841,4.649960015376563,0,0
accelerating,9,801009,PID,nominal,20.0,0.75,0.0,0.01,3.0913204126244325,1.4566583297905866,0.050814069345067825,1,2.11,8.700576530605046,0.1020493995981518,0.589806490311352,3.840356396250372,0.2,dwell_end,elapsed_interval,1,13.52,1,11.77,1,10.53,2.11,0.0,0.0,0,0
helix,0,802000,EDMDc-MPC,nominal,20.0,0.75,0.0,0.01,-2.6300170021686884,2.3591376343666832,1.1599055512282188,1,2.88,0.8905118866793539,0.05499215207095481,0.07253745975660883,1.981688313895849,0.2,dwell_end,elapsed_interval,1,3.08,1,3.08,1,3.08,2.88,2.974723100065603,3.507214989804197,0,0
helix,0,802000,Linear MPC,nominal,20.0,0.75,0.0,0.01,-2.6300170021686884,2.3591376343666832,1.1599055512282188,1,3.06,1.1285599024254578,0.05812154265371677,0.05812249534011005,2.0841011160981253,0.2,dwell_end,elapsed_interval,1,3.2600000000000002,1,3.2600000000000002,1,3.2600000000000002,3.06,4.269712900088052,5.0315599830355495,0,0
helix,0,802000,PID,nominal,20.0,0.75,0.0,0.01,-2.6300170021686884,2.3591376343666832,1.1599055512282188,1,7.53,4.20240044934174,0.27054653254758154,0.8483916015602615,2.9164500770704316,0.2,dwell_end,elapsed_interval,1,11.75,1,8.96,1,7.73,7.53,0.0,0.0,0,0
helix,1,802001,EDMDc-MPC,nominal,20.0,0.75,0.0,0.01,-0.8782667833591654,2.6524186714908895,1.6729681224409547,1,3.23,0.8590490286444832,0.07645109111827796,0.09883113653950687,1.8972961292576909,0.2,dwell_end,elapsed_interval,1,3.43,1,3.43,1,3.43,3.23,2.9563127002620604,3.313229994091671,0,0
helix,1,802001,Linear MPC,nominal,20.0,0.75,0.0,0.01,-0.8782667833591654,2.6524186714908895,1.6729681224409547,1,3.25,0.8410609001332492,0.09101419312175694,0.09388641276865485,1.9711611972199568,0.2,dwell_end,elapsed_interval,1,3.45,1,3.45,1,3.45,3.25,4.192902900002082,4.844245010463055,0,0
helix,1,802001,PID,nominal,20.0,0.75,0.0,0.01,-0.8782667833591654,2.6524186714908895,1.6729681224409547,1,9.25,1.821462506288544,0.4890037703658015,0.9802065363601716,3.007193829204219,0.2,dwell_end,elapsed_interval,1,11.540000000000001,1,9.450000000000001,1,9.450000000000001,9.25,0.0,0.0,0,0
helix,2,802002,EDMDc-MPC,nominal,20.0,0.75,0.0,0.01,0.17237713152690168,1.843159685788168,0.7293766122398365,1,3.37,0.9251216583889391,0.03474859037770412,0.05245139396876832,2.701069555705843,0.2,dwell_end,elapsed_interval,1,3.5700000000000003,1,3.5700000000000003,1,3.5700000000000003,3.37,3.037489699665457,3.59081501228502,0,0
helix,2,802002,Linear MPC,nominal,20.0,0.75,0.0,0.01,0.17237713152690168,1.843159685788168,0.7293766122398365,1,3.8200000000000003,1.180322230064006,0.03267766762742085,0.03268741819370217,2.88884043836793,0.2,dwell_end,elapsed_interval,1,4.0200000000000005,1,4.0200000000000005,1,4.0200000000000005,3.8200000000000003,4.421306699878187,5.289119994267821,0,0
helix,2,802002,PID,nominal,20.0,0.75,0.0,0.01,0.17237713152690168,1.843159685788168,0.7293766122398365,1,6.1000000000000005,6.0354065732395785,0.19766619693553025,0.6470888573803758,3.77874904580067,0.2,dwell_end,elapsed_interval,1,14.040000000000001,1,11.83,1,8.39,6.1000000000000005,0.0,0.0,0,0
helix,3,802003,EDMDc-MPC,nominal,20.0,0.75,0.0,0.01,1.2989681148925456,2.7755775571824968,1.427935970408798,1,3.41,0.9840213893577772,0.06680272265347754,0.08928195111294412,3.3977031265884245,0.2,dwell_end,elapsed_interval,1,3.61,1,3.61,1,3.61,3.41,3.040492549771443,3.6382249963935465,0,0
helix,3,802003,Linear MPC,nominal,20.0,0.75,0.0,0.01,1.2989681148925456,2.7755775571824968,1.427935970408798,1,3.11,1.2663566067940621,0.0773559960240637,0.07735802285938244,3.4591582688940283,0.2,dwell_end,elapsed_interval,1,3.31,1,3.31,1,3.31,3.11,4.146043399901828,4.68325500114588,0,0
helix,3,802003,PID,nominal,20.0,0.75,0.0,0.01,1.2989681148925456,2.7755775571824968,1.427935970408798,1,16.43,5.780448546027128,0.43978134534924296,0.9214170381965697,8.10773295761357,0.2,dwell_end,elapsed_interval,0,nan,0,nan,0,nan,16.43,0.0,0.0,0,0
helix,4,802004,EDMDc-MPC,nominal,20.0,0.75,0.0,0.01,1.4647282500775125,2.7432814667061596,1.4124240835013417,1,3.47,0.965935621264519,0.0666001658753064,0.08511617938978022,3.611681255700677,0.2,dwell_end,elapsed_interval,1,3.67,1,3.67,1,3.67,3.47,4.532356399562559,5.6443600202328525,0,0
helix,4,802004,Linear MPC,nominal,20.0,0.75,0.0,0.01,1.4647282500775125,2.7432814667061596,1.4124240835013417,1,3.19,1.299631875662839,0.0761493546694238,0.07615131887828355,3.6774172312197346,0.2,dwell_end,elapsed_interval,1,3.39,1,3.39,1,3.39,3.19,5.432104550040094,7.266975000675301,0,0
helix,4,802004,PID,nominal,20.0,0.75,0.0,0.01,1.4647282500775125,2.7432814667061596,1.4124240835013417,1,16.72,6.343068583292687,0.24553941121459696,1.647799962098481,8.533787483662676,0.2,dwell_end,elapsed_interval,0,nan,0,nan,0,nan,16.72,0.0,0.0,0,0
helix,5,802005,EDMDc-MPC,nominal,20.0,0.75,0.0,0.01,-0.9260428594937745,2.1849855886975136,1.2776415748237686,1,3.0300000000000002,0.8323322301106293,0.05206815448422161,0.08893272731901058,1.6546367012909846,0.2,dwell_end,elapsed_interval,1,3.23,1,3.23,1,3.23,3.0300000000000002,4.620973799581407,5.151184991700575,0,0
helix,5,802005,Linear MPC,nominal,20.0,0.75,0.0,0.01,-0.9260428594937745,2.1849855886975136,1.2776415748237686,1,2.68,1.223510211901799,0.055434050341704275,0.06513546396534486,1.7007975291466015,0.2,dwell_end,elapsed_interval,1,2.88,1,2.88,1,2.88,2.68,5.326143300073454,7.128575000388082,0,0
helix,5,802005,PID,nominal,20.0,0.75,0.0,0.01,-0.9260428594937745,2.1849855886975136,1.2776415748237686,1,5.12,4.0402318822986825,0.29144732004343243,0.7965191730655893,2.1635431678454298,0.2,dwell_end,elapsed_interval,1,9.49,1,5.54,1,5.32,5.12,0.0,0.0,0,0
helix,6,802006,EDMDc-MPC,nominal,20.0,0.75,0.0,0.01,0.19917652620258736,2.0921146939570763,1.0400385934405483,1,3.4,0.9289156062112894,0.04552920932027958,0.07554223474532493,2.839158451608388,0.2,dwell_end,elapsed_interval,1,3.6,1,3.6,1,3.6,3.4,4.688123899890343,5.975934983871411,0,0
helix,6,802006,Linear MPC,nominal,20.0,0.75,0.0,0.01,0.19917652620258736,2.0921146939570763,1.0400385934405483,1,3.52,0.9560379197943553,0.04961060102412303,0.049954846764839224,2.9378499162876817,0.2,dwell_end,elapsed_interval,1,3.72,1,3.72,1,3.72,3.52,5.398643350068596,7.419330002448987,0,0
helix,6,802006,PID,nominal,20.0,0.75,0.0,0.01,0.19917652620258736,2.0921146939570763,1.0400385934405483,1,10.620000000000001,5.659235847964208,0.4405682327623953,0.6910203762713883,5.355417492686634,0.2,dwell_end,elapsed_interval,1,16.35,1,16.26,1,12.620000000000001,10.620000000000001,0.0,0.0,0,0
helix,7,802007,EDMDc-MPC,nominal,20.0,0.75,0.0,0.01,-0.5081383427043864,2.732890018857069,1.6581313435978149,1,3.43,0.8918417591778823,0.07460386346543531,0.10049232824263198,2.275830768406921,0.2,dwell_end,elapsed_interval,1,3.63,1,3.63,1,3.63,3.43,4.181371149941697,5.593645012413617,0,0
helix,7,802007,Linear MPC,nominal,20.0,0.75,0.0,0.01,-0.5081383427043864,2.732890018857069,1.6581313435978149,1,2.91,2.1649449525862496,0.09029645243180069,0.09341628833944576,2.369813869067265,0.2,dwell_end,elapsed_interval,1,3.17,1,3.11,1,3.11,2.91,5.410489650384989,7.097454997710884,0,0
helix,7,802007,PID,nominal,20.0,0.75,0.0,0.01,-0.5081383427043864,2.732890018857069,1.6581313435978149,1,10.56,4.769344656957199,0.06997461474025812,0.9515471426629413,4.515291610715862,0.2,dwell_end,elapsed_interval,1,15.65,1,15.65,1,10.76,10.56,0.0,0.0,0,0
helix,8,802008,EDMDc-MPC,nominal,20.0,0.75,0.0,0.01,-1.21204602213187,2.3537078602535635,1.3149691693522783,1,2.88,0.8117134206303197,0.062078065439722725,0.09743481258056039,1.5355578079012315,0.2,dwell_end,elapsed_interval,1,3.08,1,3.08,1,3.08,2.88,4.833369649844826,5.941495011211373,0,0
helix,8,802008,Linear MPC,nominal,20.0,0.75,0.0,0.01,-1.21204602213187,2.3537078602535635,1.3149691693522783,1,2.92,1.1927085968583901,0.06616781951499794,0.06827828797727559,1.6571288653427954,0.2,dwell_end,elapsed_interval,1,3.12,1,3.12,1,3.12,2.92,5.7293990003090585,7.095819985261187,0,0
helix,8,802008,PID,nominal,20.0,0.75,0.0,0.01,-1.21204602213187,2.3537078602535635,1.3149691693522783,1,2.15,5.197213904661488,0.15512766282229407,0.8466897909628874,1.8670658243321172,0.2,dwell_end,elapsed_interval,1,5.13,1,5.0,1,5.0,2.15,0.0,0.0,0,0
helix,9,802009,EDMDc-MPC,nominal,20.0,0.75,0.0,0.01,-2.32369117655244,2.6364536334029296,1.3663452990899931,1,2.54,0.8430544440329459,0.06376219074680513,0.09230176949552289,1.3624052597121545,0.2,dwell_end,elapsed_interval,1,2.74,1,2.74,1,2.74,2.54,4.85348860018712,5.661579978186637,0,0
helix,9,802009,Linear MPC,nominal,20.0,0.75,0.0,0.01,-2.32369117655244,2.6364536334029296,1.3663452990899931,1,2.66,1.1176344533313247,0.07264699182587647,0.07266009018817814,1.4520197170784208,0.2,dwell_end,elapsed_interval,1,2.86,1,2.86,1,2.86,2.66,5.778121899988037,7.226644991897047,0,0
helix,9,802009,PID,nominal,20.0,0.75,0.0,0.01,-2.32369117655244,2.6364536334029296,1.3663452990899931,1,5.67,3.1102490475280042,0.12312487686524919,0.9591000326066538,1.8765598056859627,0.2,dwell_end,elapsed_interval,1,6.1000000000000005,1,5.9,1,5.87,5.67,0.0,0.0,0,0
straight,0,800000,EDMDc-MPC,nominal,20.0,0.75,0.0,0.01,-2.2501847439770724,0.9607184636665547,0.0,1,3.25,0.9545891958900664,0.007588468661116831,0.02052765888887015,2.8772991424404344,0.2,dwell_end,elapsed_interval,1,3.45,1,3.45,1,3.45,3.25,2.9265006501373136,3.465509992383886,0,0
straight,0,800000,Linear MPC,nominal,20.0,0.75,0.0,0.01,-2.2501847439770724,0.9607184636665547,0.0,1,3.77,1.1711182380613117,0.002331480808787118,0.002356448124024923,3.0959311795679,0.2,dwell_end,elapsed_interval,1,3.97,1,3.97,1,3.97,3.77,4.182010400589206,4.867635013943072,0,0
straight,0,800000,PID,nominal,20.0,0.75,0.0,0.01,-2.2501847439770724,0.9607184636665547,0.0,1,2.06,8.529909455112238,0.026554934747215035,0.3621918180690017,3.6351339789627004,0.2,dwell_end,elapsed_interval,1,13.18,1,11.47,1,10.19,2.06,0.0,0.0,0,0
straight,1,800001,EDMDc-MPC,nominal,20.0,0.75,0.0,0.01,-2.5252060665731184,0.6528349089817929,0.0,1,3.45,0.9494359011034142,0.005860432971549264,0.012901734028561165,3.43384936821753,0.2,dwell_end,elapsed_interval,1,3.65,1,3.65,1,3.65,3.45,2.868138949983404,3.061760001583025,0,0
straight,1,800001,Linear MPC,nominal,20.0,0.75,0.0,0.01,-2.5252060665731184,0.6528349089817929,0.0,1,3.95,1.172050411866274,0.001575847860419885,0.0015911129309136318,3.6380188991683187,0.2,dwell_end,elapsed_interval,1,4.15,1,4.15,1,4.15,3.95,4.188944450288545,5.0283050164580345,0,0
straight,1,800001,PID,nominal,20.0,0.75,0.0,0.01,-2.5252060665731184,0.6528349089817929,0.0,1,2.39,9.309931581653823,0.05215831634600321,0.2291182381020275,4.521134231766693,0.2,dwell_end,elapsed_interval,1,14.73,1,14.4,1,11.32,2.39,0.0,0.0,0,0
straight,2,800002,EDMDc-MPC,nominal,20.0,0.75,0.0,0.01,3.0031560727892486,0.7895196484136356,0.0,1,3.34,0.9319463418220836,0.00211217895767046,0.012086151310677227,3.173215535599884,0.2,dwell_end,elapsed_interval,1,3.54,1,3.54,1,3.54,3.34,2.8881894503574586,3.2893049879930913,0,0
straight,2,800002,Linear MPC,nominal,20.0,0.75,0.0,0.01,3.0031560727892486,0.7895196484136356,0.0,1,3.31,1.158154702177477,0.0016084111479681333,0.001916038810391411,3.2759827782190856,0.2,dwell_end,elapsed_interval,1,3.5100000000000002,1,3.5100000000000002,1,3.5100000000000002,3.31,4.2554939494875725,5.016654985956848,0,0
straight,2,800002,PID,nominal,20.0,0.75,0.0,0.01,3.0031560727892486,0.7895196484136356,0.0,1,2.32,9.745004954111335,0.06857889673789988,0.32270425974438477,4.732380149466155,0.2,dwell_end,elapsed_interval,1,15.530000000000001,1,15.19,1,11.83,2.32,0.0,0.0,0,0
straight,3,800003,EDMDc-MPC,nominal,20.0,0.75,0.0,0.01,2.615514208526999,1.2436892066331893,0.0,1,3.27,0.9679356316595725,0.009325306201698724,0.027420661398760215,2.787790396003512,0.2,dwell_end,elapsed_interval,1,3.47,1,3.47,1,3.47,3.27,2.9130002501478884,3.3511149900732558,0,0
straight,3,800003,Linear MPC,nominal,20.0,0.75,0.0,0.01,2.615514208526999,1.2436892066331893,0.0,1,3.77,1.1752758128458385,0.003036457418593703,0.0030503495828472092,2.994457818624376,0.2,dwell_end,elapsed_interval,1,3.97,1,3.97,1,3.97,3.77,4.141658299966366,4.550934987491928,0,0
straight,3,800003,PID,nominal,20.0,0.75,0.0,0.01,2.615514208526999,1.2436892066331893,0.0,1,2.0,8.37009692277403,0.017560889919314267,0.41554756281129895,3.4504882095795923,0.2,dwell_end,elapsed_interval,1,12.59,1,10.18,1,7.8100000000000005,2.0,0.0,0.0,0,0
straight,4,800004,EDMDc-MPC,nominal,20.0,0.75,0.0,0.01,-3.0167286152231223,0.6077867822762075,0.0,1,3.49,0.9202226039499914,0.005478649633126308,0.010628043296758212,3.6483255575144424,0.2,dwell_end,elapsed_interval,1,3.69,1,3.69,1,3.69,3.49,2.9590238497476093,3.522889989835676,0,0
straight,4,800004,Linear MPC,nominal,20.0,0.75,0.0,0.01,-3.0167286152231223,0.6077867822762075,0.0,1,3.44,1.154601439199627,0.0011981408503375938,0.0014734393933522514,3.7440622472429177,0.2,dwell_end,elapsed_interval,1,3.64,1,3.64,1,3.64,3.44,4.1669599007145735,4.795220014057122,0,0
straight,4,800004,PID,nominal,20.0,0.75,0.0,0.01,-3.0167286152231223,0.6077867822762075,0.0,1,2.5300000000000002,10.216223878879303,0.06159075204659442,0.30274973288600937,5.451401999314081,0.2,dwell_end,elapsed_interval,1,16.5,1,16.1,1,14.42,2.5300000000000002,0.0,0.0,0,0
straight,5,800005,EDMDc-MPC,nominal,20.0,0.75,0.0,0.01,-2.6123928259280764,1.2717278518107595,0.0,1,3.73,0.9678124475619609,0.014380590542594341,0.029146472792176463,3.8294369372156107,0.2,dwell_end,elapsed_interval,1,3.93,1,3.93,1,3.93,3.73,2.928861050197156,3.468474982946645,0,0
straight,5,800005,Linear MPC,nominal,20.0,0.75,0.0,0.01,-2.6123928259280764,1.2717278518107595,0.0,1,4.43,1.1736637252582554,0.003102574081688936,0.0031031106784446295,4.131937459671199,0.2,dwell_end,elapsed_interval,1,4.63,1,4.63,1,4.63,4.43,4.152369549512514,4.758889997901861,0,0
straight,5,800005,PID,nominal,20.0,0.75,0.0,0.01,-2.6123928259280764,1.2717278518107595,0.0,1,11.55,4.3869059588326795,0.08215230999874494,0.5635359183261485,4.918078060260215,0.2,dwell_end,elapsed_interval,1,15.11,1,14.88,1,11.75,11.55,0.0,0.0,0,0
straight,6,800006,EDMDc-MPC,nominal,20.0,0.75,0.0,0.01,-3.0826615967721103,1.1329505263421382,0.0,1,3.59,0.963194990473778,0.01069890199970806,0.024032199552662087,3.586395331040909,0.2,dwell_end,elapsed_interval,1,3.79,1,3.79,1,3.79,3.59,2.9769933500210755,3.572324989363551,0,0
straight,6,800006,Linear MPC,nominal,20.0,0.75,0.0,0.01,-3.0826615967721103,1.1329505263421382,0.0,1,4.38,1.1635995813954325,0.002745062276769957,0.0027470598134177403,3.9112419866961345,0.2,dwell_end,elapsed_interval,1,4.58,1,4.58,1,4.58,4.38,4.168833949835971,5.036245018709451,0,0
straight,6,800006,PID,nominal,20.0,0.75,0.0,0.01,-3.0826615967721103,1.1329505263421382,0.0,1,2.25,9.443557566324195,0.09985431229505806,0.3984085091118277,4.609674786238018,0.2,dwell_end,elapsed_interval,1,14.68,1,14.43,1,11.290000000000001,2.25,0.0,0.0,0,0
straight,7,800007,EDMDc-MPC,nominal,20.0,0.75,0.0,0.01,-3.0960095079668712,1.1616569597213335,0.0,1,3.33,0.9633803314210849,0.010443105774518216,0.02402382709291495,3.113543590412706,0.2,dwell_end,elapsed_interval,1,3.5300000000000002,1,3.5300000000000002,1,3.5300000000000002,3.33,2.87604285008274,3.139394981553778,0,0
straight,7,800007,Linear MPC,nominal,20.0,0.75,0.0,0.01,-3.0960095079668712,1.1616569597213335,0.0,1,3.7600000000000002,1.1742963287909027,0.0028050176723849406,0.002844307831280897,3.2929863290246537,0.2,dwell_end,elapsed_interval,1,3.96,1,3.96,1,3.96,3.7600000000000002,4.190617299958831,5.038014975434635,0,0
straight,7,800007,PID,nominal,20.0,0.75,0.0,0.01,-3.0960095079668712,1.1616569597213335,0.0,1,2.21,8.877050502771088,0.022996810787617356,0.4374440038062359,4.041361149115362,0.2,dwell_end,elapsed_interval,1,13.85,1,12.06,1,10.75,2.21,0.0,0.0,0,0
straight,8,800008,EDMDc-MPC,nominal,20.0,0.75,0.0,0.01,-2.912880612345041,1.2334762588995907,0.0,1,3.0500000000000003,0.9352840283459235,0.005666076696191105,0.02459665577327177,2.4658228688255126,0.2,dwell_end,elapsed_interval,1,3.25,1,3.25,1,3.25,3.0500000000000003,2.927766749970033,3.322325005137827,0,0
straight,8,800008,Linear MPC,nominal,20.0,0.75,0.0,0.01,-2.912880612345041,1.2334762588995907,0.0,1,2.48,1.8562193012179127,0.0023063248987665753,0.003021724999806178,2.4604957558837013,0.2,dwell_end,elapsed_interval,1,2.68,1,2.68,1,2.68,2.48,4.149495699835825,4.996605000633279,0,0
straight,8,800008,PID,nominal,20.0,0.75,0.0,0.01,-2.912880612345041,1.2334762588995907,0.0,1,1.96,8.870965984599561,0.023328223783100968,0.44068905799145336,3.704336339288109,0.2,dwell_end,elapsed_interval,1,13.96,1,13.73,1,10.68,1.96,0.0,0.0,0,0
straight,9,800009,EDMDc-MPC,nominal,20.0,0.75,0.0,0.01,2.9684717040505504,1.2899099895737063,0.0,1,3.3200000000000003,0.9446581596489485,0.00761502859592417,0.02465242245096924,3.403694947255376,0.2,dwell_end,elapsed_interval,1,3.52,1,3.52,1,3.52,3.3200000000000003,2.955151299931458,3.6340449936687946,0,0
straight,9,800009,Linear MPC,nominal,20.0,0.75,0.0,0.01,2.9684717040505504,1.2899099895737063,0.0,1,3.22,1.1564162806470972,0.0027215760931772384,0.0031639101065476954,3.48268633823274,0.2,dwell_end,elapsed_interval,1,3.42,1,3.42,1,3.42,3.22,4.174720050592441,5.009429989149793,0,0
straight,9,800009,PID,nominal,20.0,0.75,0.0,0.01,2.9684717040505504,1.2899099895737063,0.0,1,2.38,10.369103556302887,0.012418510569709757,0.49769389887452264,5.388476612354317,0.2,dwell_end,elapsed_interval,1,16.44,1,16.14,1,12.620000000000001,2.38,0.0,0.0,0,0
weaving,0,803000,EDMDc-MPC,nominal,20.0,0.75,0.0,0.01,2.6363211619554328,2.3572891875028104,1.4246835063306105,1,3.42,1.0152724943693798,0.033371375725676666,0.09822997444108811,3.293081447119253,0.2,dwell_end,elapsed_interval,1,3.62,1,3.62,1,3.62,3.42,4.665922850021161,5.170774995349348,0,0
weaving,0,803000,Linear MPC,nominal,20.0,0.75,0.0,0.01,2.6363211619554328,2.3572891875028104,1.4246835063306105,1,3.89,1.1647920726392818,0.005021231475467625,0.04548897774049585,3.49481166880859,0.2,dwell_end,elapsed_interval,1,4.09,1,4.09,1,4.09,3.89,5.721870650260826,6.951740018848795,0,0
weaving,0,803000,PID,nominal,20.0,0.75,0.0,0.01,2.6363211619554328,2.3572891875028104,1.4246835063306105,1,14.67,2.248356813258559,0.41044020285456345,0.8994353166110776,4.586636072272703,0.2,dwell_end,elapsed_interval,1,16.69,1,14.870000000000001,1,14.870000000000001,14.67,0.0,0.0,0,0
weaving,1,803001,EDMDc-MPC,nominal,20.0,0.75,0.0,0.01,3.0543483279238344,1.8128718899470375,1.1431200838038011,1,3.35,0.8390507586106497,0.008707685458957703,0.06570144317161392,2.8220388902781828,0.2,dwell_end,elapsed_interval,1,3.5500000000000003,1,3.5500000000000003,1,3.5500000000000003,3.35,4.752535450301366,5.150719988159835,0,0
weaving,1,803001,Linear MPC,nominal,20.0,0.75,0.0,0.01,3.0543483279238344,1.8128718899470375,1.1431200838038011,1,2.68,1.1319075903978812,0.0020294252030265284,0.002674537788761345,2.8002854439504037,0.2,dwell_end,elapsed_interval,1,2.88,1,2.88,1,2.88,2.68,5.4016276999609545,6.9868099977611555,0,0
weaving,1,803001,PID,nominal,20.0,0.75,0.0,0.01,3.0543483279238344,1.8128718899470375,1.1431200838038011,1,2.2,9.180116544323617,0.22670544504070436,0.8440541973123094,4.191783596939837,0.2,dwell_end,elapsed_interval,1,14.75,1,14.32,1,14.32,2.2,0.0,0.0,0,0
weaving,2,803002,EDMDc-MPC,nominal,20.0,0.75,0.0,0.01,-3.118026216749025,2.164354814495727,1.0887006487179463,1,3.42,0.9695104502480896,0.00538604923889147,0.062058769220741966,3.2449743791234327,0.2,dwell_end,elapsed_interval,1,3.62,1,3.62,1,3.62,3.42,4.550256399568752,5.471809989830945,0,0
weaving,2,803002,Linear MPC,nominal,20.0,0.75,0.0,0.01,-3.118026216749025,2.164354814495727,1.0887006487179463,1,3.69,1.1562164140212703,0.002718975211919325,0.03149074530526793,3.3699459728524217,0.2,dwell_end,elapsed_interval,1,3.89,1,3.89,1,3.89,3.69,5.871575299752294,7.2614749922649935,0,0
weaving,2,803002,PID,nominal,20.0,0.75,0.0,0.01,-3.118026216749025,2.164354814495727,1.0887006487179463,1,5.76,7.582235820639593,0.385689171238206,0.7420439612070503,4.469461873613008,0.2,dwell_end,elapsed_interval,1,14.83,1,14.82,1,12.94,5.76,0.0,0.0,0,0
weaving,3,803003,EDMDc-MPC,nominal,20.0,0.75,0.0,0.01,1.959469766735403,2.5828837705135763,1.2673835146476535,1,3.0500000000000003,0.9542692724689051,0.027916494293643214,0.06205704387571859,2.3063063768180143,0.2,dwell_end,elapsed_interval,1,3.25,1,3.25,1,3.25,3.0500000000000003,4.695197850072873,5.598819995066151,0,0
weaving,3,803003,Linear MPC,nominal,20.0,0.75,0.0,0.01,1.959469766735403,2.5828837705135763,1.2673835146476535,1,3.0700000000000003,1.1920436036152435,0.0024294520496745387,0.003702905526649196,2.3971962199735186,0.2,dwell_end,elapsed_interval,1,3.27,1,3.27,1,3.27,3.0700000000000003,5.524336950053112,6.905349990120158,0,0
weaving,3,803003,PID,nominal,20.0,0.75,0.0,0.01,1.959469766735403,2.5828837705135763,1.2673835146476535,1,9.68,3.292080333562491,0.2493091916163292,0.9201143473221673,3.383462374694549,0.2,dwell_end,elapsed_interval,1,11.870000000000001,1,11.870000000000001,1,9.88,9.68,0.0,0.0,0,0
weaving,4,803004,EDMDc-MPC,nominal,20.0,0.75,0.0,0.01,-2.1631017410495548,2.3439185928719692,1.4247334297952705,1,3.21,0.9223574974996144,0.03672920703183711,0.05348489270460021,3.4518110670912936,0.2,dwell_end,elapsed_interval,1,3.41,1,3.41,1,3.41,3.21,4.802199050376657,5.196084984345362,0,0
weaving,4,803004,Linear MPC,nominal,20.0,0.75,0.0,0.01,-2.1631017410495548,2.3439185928719692,1.4247334297952705,1,3.44,1.3171005136302467,0.006260950532087815,0.04235968532803727,3.5488130875274284,0.2,dwell_end,elapsed_interval,1,3.64,1,3.64,1,3.64,3.44,5.592798699639388,6.836874992586672,0,0
weaving,4,803004,PID,nominal,20.0,0.75,0.0,0.01,-2.1631017410495548,2.3439185928719692,1.4247334297952705,1,6.18,8.559783055740404,0.3014595964186182,0.8473559820120913,5.869764370631591,0.2,dwell_end,elapsed_interval,0,nan,1,17.77,1,16.77,6.18,0.0,0.0,0,0
weaving,5,803005,EDMDc-MPC,nominal,20.0,0.75,0.0,0.01,2.32448243842723,2.139915171124039,1.2828657743973102,1,3.36,0.9800712762972856,0.018716946175134717,0.07310254525250247,2.9918208908517605,0.2,dwell_end,elapsed_interval,1,3.56,1,3.56,1,3.56,3.36,4.784147050100728,5.597425012092572,0,0
weaving,5,803005,Linear MPC,nominal,20.0,0.75,0.0,0.01,2.32448243842723,2.139915171124039,1.2828657743973102,1,3.9,1.1696855393763403,0.0017337963536637779,0.056424545037512666,3.209018425827224,0.2,dwell_end,elapsed_interval,1,4.1,1,4.1,1,4.1,3.9,5.966213700099615,7.500400008575525,0,0
weaving,5,803005,PID,nominal,20.0,0.75,0.0,0.01,2.32448243842723,2.139915171124039,1.2828657743973102,1,8.09,6.087506925620269,0.19402997602816585,0.4576726944441498,3.975005384316369,0.2,dwell_end,elapsed_interval,1,14.280000000000001,1,12.24,1,12.24,8.09,0.0,0.0,0,0
weaving,6,803006,EDMDc-MPC,nominal,20.0,0.75,0.0,0.01,2.42051904452298,1.85940091899962,0.8626853760049147,1,3.19,0.9701858166798454,0.013938830805678376,0.05684036745860777,3.2269158311955892,0.2,dwell_end,elapsed_interval,1,3.39,1,3.39,1,3.39,3.19,4.7655049000895815,5.151204991852864,0,0
weaving,6,803006,Linear MPC,nominal,20.0,0.75,0.0,0.01,2.42051904452298,1.85940091899962,0.8626853760049147,1,3.52,1.144099496513579,0.0026586713127982465,0.03259320505064095,3.3762555733053783,0.2,dwell_end,elapsed_interval,1,3.72,1,3.72,1,3.72,3.52,5.935046200218494,7.111119986802805,0,0
weaving,6,803006,PID,nominal,20.0,0.75,0.0,0.01,2.42051904452298,1.85940091899962,0.8626853760049147,1,11.44,4.208371878142942,0.3108893918929467,0.5288188630307403,4.708228571015187,0.2,dwell_end,elapsed_interval,1,15.18,1,15.040000000000001,1,11.64,11.44,0.0,0.0,0,0
weaving,7,803007,EDMDc-MPC,nominal,20.0,0.75,0.0,0.01,-2.130931046186908,1.7718329040369563,0.8275518956882534,1,3.23,0.9860674185252899,0.014554818875442866,0.04468004053590516,2.8776190221378157,0.2,dwell_end,elapsed_interval,1,3.43,1,3.43,1,3.43,3.23,4.707651199947577,5.852090002736077,0,0
weaving,7,803007,Linear MPC,nominal,20.0,0.75,0.0,0.01,-2.130931046186908,1.7718329040369563,0.8275518956882534,1,3.3000000000000003,1.164358693643417,0.002262166442351519,0.03356748139759511,3.0010854840511194,0.2,dwell_end,elapsed_interval,1,3.5,1,3.5,1,3.5,3.3000000000000003,5.821153199634864,6.906045023060869,0,0
weaving,7,803007,PID,nominal,20.0,0.75,0.0,0.01,-2.130931046186908,1.7718329040369563,0.8275518956882534,1,9.83,3.314018914263444,0.12317533559096841,0.35639572008764464,3.7169130056345714,0.2,dwell_end,elapsed_interval,1,12.13,1,11.97,1,10.03,9.83,0.0,0.0,0,0
weaving,8,803008,EDMDc-MPC,nominal,20.0,0.75,0.0,0.01,2.726209800076028,1.4741662986064452,0.3649020203773084,1,3.63,0.9920421994956587,0.009052425520756663,0.03686371379248445,3.5681630091901404,0.2,dwell_end,elapsed_interval,1,3.83,1,3.83,1,3.83,3.63,4.670862600309192,5.488049995619804,0,0
weaving,8,803008,Linear MPC,nominal,20.0,0.75,0.0,0.01,2.726209800076028,1.4741662986064452,0.3649020203773084,1,4.3100000000000005,1.1783107821610628,0.0037963311537289935,0.0049847302432536175,3.8841316942500237,0.2,dwell_end,elapsed_interval,1,4.51,1,4.51,1,4.51,4.3100000000000005,5.782647449945216,6.9920250098221,0,0
weaving,8,803008,PID,nominal,20.0,0.75,0.0,0.01,2.726209800076028,1.4741662986064452,0.3649020203773084,1,2.19,9.513734697346457,0.33647711278325815,0.5865392565428962,4.599291081683301,0.2,dwell_end,elapsed_interval,1,14.89,1,14.65,1,12.9,2.19,0.0,0.0,0,0
weaving,9,803009,EDMDc-MPC,nominal,20.0,0.75,0.0,0.01,-2.255392142878298,1.5083055789540316,0.5265940032716689,1,3.39,0.9465396711028898,0.011807450935274749,0.025330642209433072,3.1283095225504187,0.2,dwell_end,elapsed_interval,1,3.59,1,3.59,1,3.59,3.39,4.577803499705624,5.4344300224329345,0,0
weaving,9,803009,Linear MPC,nominal,20.0,0.75,0.0,0.01,-2.255392142878298,1.5083055789540316,0.5265940032716689,1,3.77,1.1728176231632195,0.0032357613048052806,0.01679592988241337,3.2916680418561453,0.2,dwell_end,elapsed_interval,1,3.97,1,3.97,1,3.97,3.77,5.639212650145055,7.025390000490006,0,0
weaving,9,803009,PID,nominal,20.0,0.75,0.0,0.01,-2.255392142878298,1.5083055789540316,0.5265940032716689,1,2.2800000000000002,9.404140214229269,0.2900259721979767,0.48752622859893174,4.514201739940108,0.2,dwell_end,elapsed_interval,1,15.98,1,14.92,1,11.620000000000001,2.2800000000000002,0.0,0.0,0,0
