controller,family,replicate,run_index,aggressiveness_scale,reference_peak_speed_mps,reference_peak_acceleration_mps2,reference_p95_implied_tilt_deg,reference_peak_implied_tilt_deg,position_rmse_m,velocity_rmse_mps,yaw_rmse_rad,yaw_rate_rmse_radps,position_vector_rmse_m,actual_p95_tilt_deg,actual_peak_tilt_deg,command_peak_tilt_deg,body_rate_rms_radps,body_rate_p99_radps,body_rate_max_radps,roll_pitch_step_rms_rad,roll_pitch_step_p99_rad,roll_pitch_step_max_rad,failed_solves,allocator_altered_steps,mean_solve_ms,p95_solve_ms,p99_solve_ms,max_solve_ms
edmdc,figure8,0,791000,1.75,8.749999999999998,3.204889226515694,18.2499480725847,18.563195343932883,0.06627874304124766,0.03450275354887013,0.007794861229533002,0.017101025110592343,0.11479815040924311,17.675286061870825,18.499391426489144,18.382347329620156,0.21508245671544493,0.6978433415358947,0.7008651667864287,0.0007362666317835953,0.001820147810384927,0.007214927864995499,0,0,3.038801300064103,3.572409990010783,4.045497983461246,5.697499989764765
edmdc,figure8,1,791001,1.75,8.75,3.1386983473493384,15.338292669377447,15.59106420507628,0.06732576104894385,0.036371028111639433,0.005229953037251772,0.007161025230998739,0.11661163879501246,14.519687486962699,14.889176063348776,14.862401136015379,0.19956456321312208,0.5706791221805532,0.571889274429155,0.0005100914401160299,0.0012881709588865628,0.007378698170106736,0,0,3.00901920652716,3.619339995202608,4.093382025021128,6.367599999066442
edmdc,figure8,2,791002,1.75,8.75,3.245847280567016,19.016092269482833,19.328334735728415,0.06183055894813318,0.031168815623495643,0.00939308745738034,0.02249631846007604,0.10709366955854914,18.247850312198135,19.326813697295357,19.152318275153323,0.22664185758449237,0.7879704541270133,0.7926187643343696,0.0008663684422569395,0.002268306450993365,0.00711014055581377,0,0,3.058017606147254,3.7139400170417503,4.1423019918147475,4.920899984426796
edmdc,figure8,3,791003,1.75,8.75,3.550398014901681,20.62802565911838,21.005093866494416,0.07309451714546149,0.039247892938509214,0.011325288175896038,0.02835123071963199,0.12660341745065373,19.798750256410415,21.421208734646658,21.15239485006471,0.23926787089476723,0.8858742187632678,0.8929017572974183,0.0009774192284681578,0.003034455501498552,0.006232410701883685,0,0,2.949403934797167,3.215520008234307,3.781079977634363,6.144599989056587
edmdc,figure8,4,791004,1.75,8.75,3.3016381373891277,18.016868090293368,18.34418808910063,0.07184641877026807,0.03831131189221502,0.0074949396034433065,0.015769119804030205,0.12444164765197456,17.532746576815217,18.342761050175408,18.23621853513333,0.2126841192127625,0.6816063864607256,0.6843499023841495,0.000697299010085396,0.0017262065991962591,0.006963084716242397,0,0,3.134045548941698,3.691640021861531,4.103975986363365,5.158400017535314
edmdc,figure8,5,791005,1.75,8.75,3.2999123582682146,15.492366843007428,15.76793056107156,0.07238399554665004,0.03955083203967261,0.005425727137739017,0.007931693134564696,0.12537275794163721,14.851819024488735,15.286551390164918,15.252844937031975,0.20024678946746902,0.5777576533592891,0.5792196801873841,0.0005133688267567897,0.0012097697402672664,0.006967852694871159,0,0,3.005873791243205,3.3808100066380566,3.7533319985959674,5.513099982636049
edmdc,figure8,6,791006,1.75,8.75,3.4522844358378384,20.12624676324664,20.456930138143093,0.06280734409490477,0.03225250500930935,0.011515121381444596,0.02942393909039165,0.10878551106083614,19.114990239214155,20.656377217521605,20.393328822179104,0.24177835511252238,0.8856981254474232,0.893658260996308,0.0010259540857714576,0.0029577832047263447,0.006536379758894106,0,0,2.988787295670451,3.3250799984671175,3.728965987684205,5.9006999945268035
edmdc,figure8,7,791007,1.75,8.75,3.1752654932000053,17.606371538904522,17.90838496898162,0.06720437413648431,0.035295511335369636,0.007003858424497685,0.014369190429699339,0.11640139049525862,17.052352501860728,17.749064717572924,17.659963440641096,0.20980996087118822,0.6548963708625827,0.6572733641778329,0.0006715018944946524,0.0015756302418537928,0.007289023071562217,0,0,2.999136412103445,3.2663599879015237,3.7999759963713577,5.873399990377948
edmdc,figure8,8,791008,1.75,8.75,3.6969035570763977,21.33109229690537,21.738869709250416,0.07899477619870328,0.04311029063213028,0.01202265851316342,0.03086594362694358,0.13682296590868673,20.458709999005105,22.31924256344283,22.016737054111076,0.2433383679296876,0.8968167352009777,0.9082277248154714,0.00103580106510037,0.00333292683464109,0.005731249640066983,0,0,3.010310103239354,3.4993199864402413,3.818991996813564,5.804299988085404
edmdc,figure8,9,791009,1.75,8.75,3.1733983970623836,18.512685051827315,18.802083704053985,0.059489421461954926,0.029062883955109243,0.009096889826592052,0.02162918050145551,0.10303870048498434,17.72947525284367,18.70041552453533,18.540238176044642,0.2249468987275791,0.7708480030275727,0.7751012073594356,0.000853228137211458,0.0021560959285743344,0.007293518506561854,0,0,2.9771006001850044,3.4375400078715757,3.8403280184138566,5.726600007619709
reactive_pid,figure8,0,791000,1.75,8.749999999999998,3.204889226515694,18.2499480725847,18.563195343932883,1.0222642840979186,0.42663078572985336,0.1110767068714543,0.051407383728255034,1.77061367882062,17.68952848051149,19.605475399442373,19.722856681474113,0.21634268051479788,0.6715273474148407,0.6777206973947085,0.0008681267287503835,0.002640731869565165,0.0027212558617348017,0,0,0.0,0.0,0.0,0.0
reactive_pid,figure8,1,791001,1.75,8.75,3.1386983473493384,15.338292669377447,15.59106420507628,1.1005690967663009,0.466930010746724,0.10496407051568914,0.033799365639290126,1.9062415928394212,14.259359716132579,15.659719451971208,15.989885387597063,0.20095119744576417,0.5693716148059547,0.5727735015522687,0.0006373793993956909,0.002088409189196925,0.002243203669535418,0,0,0.0,0.0,0.0,0.0
reactive_pid,figure8,2,791002,1.75,8.75,3.245847280567016,19.016092269482833,19.328334735728415,0.9719593507795301,0.4005287937241518,0.11604585001695979,0.06252151643226557,1.6834829784418068,18.466441685563957,20.74599117635222,20.723109449253183,0.2281899035294903,0.7542564664121764,0.7582591723321931,0.0010233735275353905,0.0029848520192278425,0.0032052837661261757,0,0,0.0,0.0,0.0,0.0
reactive_pid,figure8,3,791003,1.75,8.75,3.550398014901681,20.62802565911838,21.005093866494416,1.0304729899012786,0.45392740650336855,0.12216183832261616,0.07454256395227539,1.7848315743364251,20.035490385101944,22.407298765504272,22.21329811140099,0.2395187667948852,0.8382131651665136,0.8471065354037649,0.0011154690480015329,0.003048050252576188,0.003136868671409157,0,0,0.0,0.0,0.0,0.0
reactive_pid,figure8,4,791004,1.75,8.75,3.3016381373891277,18.016868090293368,18.34418808910063,1.0666923115518725,0.4577547043147821,0.11024912410409232,0.04913364431776717,1.8475652796509332,17.478129674924812,19.272693732263907,19.41990409993763,0.2136355717721321,0.6589936441817973,0.662005425274992,0.000816005682278093,0.002457892244497451,0.0025556757125190814,0,0,0.0,0.0,0.0,0.0
reactive_pid,figure8,5,791005,1.75,8.75,3.2999123582682146,15.492366843007428,15.76793056107156,1.1368947181953348,0.496261532356715,0.10534102926657736,0.03526661855984765,1.9691594147710205,14.554230447567015,16.075098387533743,16.388648679513164,0.20150081573240355,0.5790214415772517,0.584456373376908,0.0006364594808121942,0.0020550230706600347,0.0022141634549547044,0,0,0.0,0.0,0.0,0.0
reactive_pid,figure8,6,791006,1.75,8.75,3.4522844358378384,20.12624676324664,20.456930138143093,0.9602638502493825,0.4085442704123296,0.12283607127233284,0.07665149326966296,1.6632257773036423,19.539486318366553,22.078022968958077,21.886793484069276,0.24287162378340554,0.8472605171258412,0.8503122653730816,0.0011892583286522455,0.003310264994377999,0.0035466594025733546,0,0,0.0,0.0,0.0,0.0
reactive_pid,figure8,7,791007,1.75,8.75,3.1752654932000053,17.606371538904522,17.90838496898162,1.0419624328897006,0.4359669652010392,0.10885080647995972,0.046064352019395745,1.8047318733430382,16.97489211900288,18.741721604831824,18.928171162317376,0.21104140833786061,0.6382536652406577,0.6417309397854952,0.0007960549793741154,0.0024879507641721943,0.0025403795352260256,0,0,0.0,0.0,0.0,0.0
reactive_pid,figure8,8,791008,1.75,8.75,3.6969035570763977,21.33109229690537,21.738869709250416,1.0596546729524674,0.47904805655919025,0.12397555083156758,0.0786607258969533,1.8353757320314557,20.71943211528436,23.11543752911678,22.871467992152233,0.24287185478904155,0.8513774121092976,0.8586891421249994,0.00115390028343191,0.003252306692179634,0.0034453654064836685,0,0,0.0,0.0,0.0,0.0
reactive_pid,figure8,9,791009,1.75,8.75,3.1733983970623836,18.512685051827315,18.802083704053985,0.9537712472936138,0.3847660852264071,0.11517253535462244,0.060841700500956976,1.6519802591108794,17.94759382584689,20.211919190770992,20.216614712701087,0.22677888129000548,0.7412254845570436,0.7438088163202738,0.001016002362804465,0.003089385959065912,0.0033123090732693843,0,0,0.0,0.0,0.0,0.0
yaw_scheduled_hover,figure8,0,791000,1.75,8.749999999999998,3.204889226515694,18.2499480725847,18.563195343932883,0.023415090509505576,0.01324357522869232,0.007741730975931683,0.016028482758654643,0.04055612642628749,17.788564315285562,18.491119276058775,18.3718565017764,0.21543153474640755,0.6937167061470266,0.6956086222502136,0.0008829672012863629,0.0043185450382064415,0.008182328787520109,0,0,1.4026884961032962,1.9174099870724597,2.1560140018118545,2.475299988873303
yaw_scheduled_hover,figure8,1,791001,1.75,8.75,3.1386983473493384,15.338292669377447,15.59106420507628,0.03220897053688883,0.03645372592493688,0.005220952480618655,0.006877022130024685,0.055787573429380476,14.208294342572838,14.527239475923249,14.51121339345923,0.20077354617226068,0.5698925291236997,0.5705115708643741,0.001132620059859655,0.007737010927487394,0.017863688353499635,0,0,1.36699393104278,1.5671100001782179,1.8942819879157469,3.195599972968921
yaw_scheduled_hover,figure8,2,791002,1.75,8.75,3.245847280567016,19.016092269482833,19.328334735728415,0.025633557675695126,0.015087554793329544,0.00933930553348119,0.02124937877747917,0.044398624273051135,18.57417105909487,19.469724349964775,19.30190325011008,0.22705582633593213,0.7825941176302746,0.7853888441190633,0.0009932768053028988,0.004094323427313677,0.00722696542573737,0,0,1.4059306768100819,1.8672400154173374,2.120605994714424,2.5273000064771622
yaw_scheduled_hover,figure8,3,791003,1.75,8.75,3.550398014901681,20.62802565911838,21.005093866494416,0.02650121067441494,0.016098458370693555,0.011229711162153891,0.02604021074590224,0.04590144335017335,20.16952744884295,21.456176839262724,21.266369348853328,0.23935769997636946,0.87610948486075,0.8787220645679839,0.0010879054836952697,0.004055532803314409,0.0074883986983108435,0,0,1.3486170058262732,1.516849995823577,1.741281986469403,2.42979999165982
yaw_scheduled_hover,figure8,4,791004,1.75,8.75,3.3016381373891277,18.016868090293368,18.34418808910063,0.022439621535529045,0.012640901101939363,0.007435328849525546,0.014618913743613151,0.038866564602153056,17.551296550662983,18.234820277546742,18.129555268640754,0.2129465187694924,0.677446267844523,0.6791390257281735,0.0008443089232527681,0.004165080464573997,0.008603365685502034,0,0,1.3426326441828709,1.480819986318238,1.7368579818867145,2.6744999922811985
yaw_scheduled_hover,figure8,5,791005,1.75,8.75,3.2999123582682146,15.492366843007428,15.76793056107156,0.14566536707658542,0.14281148111572511,0.005427563661347147,0.007561624690209617,0.25229981667981677,14.495250732085447,14.884237972732988,14.86207131807561,0.20246375550607693,0.5766056636251532,0.5773364690910914,0.0018801726254032037,0.011371072900546276,0.03840402813731586,0,0,1.431164821452952,1.7603700136533005,1.9661400100449098,3.524600004311651
yaw_scheduled_hover,figure8,6,791006,1.75,8.75,3.4522844358378384,20.12624676324664,20.456930138143093,0.027734365808764296,0.01708374545641762,0.011443902657338335,0.027628443844654092,0.048037330696480855,19.61105964933676,20.821312203223975,20.654492823704498,0.24214474760072882,0.8782649138856891,0.881443781666008,0.0011529494013701872,0.004342570596297675,0.008250592968236352,0,0,1.3650586861507144,1.5101699769729748,1.706298011704348,2.114400005666539
yaw_scheduled_hover,figure8,7,791007,1.75,8.75,3.1752654932000053,17.606371538904522,17.90838496898162,0.02220167477320732,0.012300219134846035,0.006955456952454624,0.013460481626198064,0.03845442872031531,17.066792667169505,17.666379990009695,17.575695061601195,0.21016040306661826,0.651696191208719,0.6531722580559413,0.0008305621128244638,0.0041631745196506085,0.008875849973775189,0,0,1.3981201397954564,1.7110099899582565,1.9574560032924637,2.5354000099468976
yaw_scheduled_hover,figure8,8,791008,1.75,8.75,3.6969035570763977,21.33109229690537,21.738869709250416,0.027091422567271234,0.01687003248370921,0.01191224898308411,0.02824168339493153,0.04692372033583185,20.88884012101066,22.31416259435571,22.113520048963135,0.24327565294945086,0.8888193679283236,0.8922572548867315,0.0011362184249535615,0.0040030971917722966,0.0075996999146538124,0,0,1.3823969659091802,1.5982800046913326,1.8137080146698281,2.8132000006735325
yaw_scheduled_hover,figure8,9,791009,1.75,8.75,3.1733983970623836,18.512685051827315,18.802083704053985,0.025580746339641344,0.015047810096945297,0.009054385711228182,0.020632553377102163,0.04430715235579039,18.063507174035465,18.880525384131133,18.709134271249336,0.22546841746169127,0.7665314573949802,0.7690915489541691,0.0009861479948035294,0.004240355646817234,0.007240245924463517,0,0,1.3799167728117845,1.6283900011330843,1.839353977702558,2.5344000023324043
edmdc,helix,0,790000,1.75,4.201844049161114,2.8024467699965068,15.948349288513723,15.950203540567905,0.07437152836295725,0.048280780004734715,0.004029908071031318,0.02286173028910079,0.12881526576119173,15.770357266867482,15.851218706758575,15.923344780120514,0.345894264699657,0.677494691652641,0.678397702701101,0.00035112931594230264,0.0011426371749571707,0.004488321382206467,0,0,3.854124107892712,5.488329997751862,5.641395998536609,11.552500014659017
edmdc,helix,1,790001,1.75,3.771471327001496,1.1544992364276634,6.53284960401991,6.760419259659638,0.025926078565616913,0.009129408571182763,0.001360173030246714,0.001519601384555809,0.04490528531667092,6.430160106750013,7.0094789030854825,7.020483008141046,0.11663074037750822,0.2345310924426157,0.2363671440004203,0.000223022765555818,0.0007680622209652383,0.004034775144105783,0,0,3.857230009995873,5.539180006599054,6.695933994487859,10.605599993141368
edmdc,helix,2,790002,1.75,2.7206235808352592,0.8434517609208042,4.697585956299364,4.883106586791244,0.020297101068832975,0.00819250382265861,0.0016721826742916546,0.0010530964634751642,0.035155610297579284,4.525213025476976,4.933340736559079,4.94346874045293,0.1425591699030688,0.280567967016943,0.2818864280943946,0.00016368901529842042,0.0005424563948058554,0.0029238145142475675,0,0,3.725490697268111,6.28239999350626,6.591782015166245,8.100300008663908
edmdc,helix,3,790003,1.75,2.850133308976447,0.9648443005123726,5.618749149411474,5.626927656518065,0.02553116680057426,0.011223378090838999,0.0020602010245474216,0.0018523747470987123,0.04422127807511036,5.628484893380607,5.702664111585987,5.717963307675354,0.1757025537030336,0.34526575787927705,0.3465049691492065,0.00018355035354684655,0.0006019173122515393,0.0031210614142937227,0,0,4.545866988913572,5.428420007228851,6.139644006034359,6.812600011471659
edmdc,helix,4,790004,1.75,2.011226955690129,0.6211641978133088,3.55270199342179,3.626414947282248,0.014221179205801312,0.005602032211748614,0.0015640351419675788,0.000707001830594652,0.024631804927989887,3.468380857794581,3.788407865051199,3.7956060598276813,0.1331336023249368,0.26160076518921266,0.2624702194641868,0.00012280924778511522,0.0004124400637600706,0.002273801674377827,0,0,4.957888696065779,5.340130004333332,5.971334004425444,6.768899998860434
edmdc,helix,5,790005,1.75,2.25955459166832,0.6849596818084702,3.8147236834951483,3.959360294131268,0.013640806097623408,0.004404206895449549,0.0010306572615989057,0.0004367299284417235,0.023626569217279087,3.804791771660094,4.152600940191799,4.157484360134101,0.08811506875266555,0.17471690610248752,0.1760253739749903,0.0001278759308584331,0.00045313306264663396,0.0024811062691036845,0,0,4.809183327926549,5.964269983815029,6.274364015553147,6.983400002354756
edmdc,helix,6,790006,1.75,1.857684985299853,0.5678289230049591,3.0679262384902355,3.1929387627133394,0.01171474715216399,0.004435434533059424,0.0013817337123646918,0.0006080543740892473,0.020290537265370844,3.0091131437097762,3.2822856892601315,3.2875376596179664,0.11753921422083774,0.23098064393983989,0.23171510465346365,0.00010548680777654693,0.0003596761510959436,0.002021870024401046,0,0,4.286374891699,5.378520002705045,6.1835679929936305,6.8894999858457595
edmdc,helix,7,790007,1.75,4.1104723712664715,1.2732753547059625,7.270867989691246,7.452403989421891,0.031247308397896693,0.01203553082168085,0.0016230318308561435,0.00251991276897449,0.05412192574493073,7.058866117664982,7.696300898419525,7.711395194348793,0.13880834093824998,0.278164818043349,0.2797478991778879,0.0002513577541347088,0.0008433055025389921,0.004396874283003332,0,0,3.3031970988289077,5.213710002135485,6.093618006561883,7.306499988771975
edmdc,helix,8,790008,1.75,2.588216833674409,0.7889917163989656,4.401057376162242,4.572449196010915,0.01658562213106054,0.005776328885772225,0.001247993847100033,0.0006154660113356942,0.02872714020613565,4.350403588790552,4.742839424228691,4.749608689406582,0.10663551648917348,0.21107129484231235,0.21248489123397793,0.00014943774956328144,0.0005185607156764089,0.002807149392452083,0,0,2.9662986663373565,3.5039700189372525,3.8980259955860674,5.7514999934937805
edmdc,helix,9,790009,1.75,4.233740668271219,1.6490297072671634,9.54522986519044,9.551637525490957,0.043401860175931804,0.019581543464131,0.0023823552464233033,0.005906786417593283,0.07517422696771418,9.532021796930758,9.618474905045746,9.64293783891327,0.20333764866999185,0.4018014150427471,0.4029462103507007,0.00028105824302311497,0.0008946491717208504,0.004504017232117474,0,0,2.9652516834519207,3.4215399995446196,3.8599759968928993,5.460699991090223
reactive_pid,helix,1,790001,1.75,3.771471327001496,1.1544992364276634,6.53284960401991,6.760419259659638,0.562443222207076,0.14689469817194253,0.06204025959013474,0.00885735777441129,0.9741802372354074,6.715023376523703,7.866532676967242,7.969387399808326,0.11826692741731129,0.2483032781068485,0.25353630678248684,0.0003396875329747178,0.0013767943602501773,0.0014526275410384985,0,0,0.0,0.0,0.0,0.0
reactive_pid,helix,0,790000,1.75,4.201844049161114,2.8024467699965068,15.948349288513723,15.950203540567905,0.6443702044834342,0.4321239545958295,0.1820402125495902,0.037147888590590206,1.1160819330488547,17.058063139705393,17.883470091824705,17.754495557822654,0.34826066712607995,0.686055847877016,0.6870905295909769,0.0006039519483085644,0.0023933900547481084,0.0024410933699342482,0,0,0.0,0.0,0.0,0.0
reactive_pid,helix,2,790002,1.75,2.7206235808352592,0.8434517609208042,4.697585956299364,4.883106586791244,0.41541881025305544,0.1215953466215502,0.07661705368471032,0.01071710055797242,0.7195264857781069,4.792544911319574,5.586255673229645,5.654967560082591,0.14316964149824954,0.2816762982264897,0.28336300062937536,0.00024576367269334685,0.0009749498122563427,0.0010378363427098276,0,0,0.0,0.0,0.0,0.0
reactive_pid,helix,3,790003,1.75,2.850133308976447,0.9648443005123726,5.618749149411474,5.626927656518065,0.4222970121857705,0.15290830220297055,0.09440558097092511,0.013298011361394644,0.7314398809902878,6.067943523795352,6.3018718123627,6.285098873650126,0.17634398847468466,0.34626873110920686,0.3480568118855516,0.0002780983302148609,0.0010777693444428392,0.0011466299880438606,0,0,0.0,0.0,0.0,0.0
reactive_pid,helix,4,790004,1.75,2.011226955690129,0.6211641978133088,3.55270199342179,3.626414947282248,0.2970614167618139,0.08627109905145214,0.07176248556156406,0.010022383790458266,0.5145254667998546,3.5997598339306665,4.276565118042557,4.326221353160864,0.13344152024148292,0.26173720101839965,0.26279560991181056,0.0001833778662650381,0.0007405352787652657,0.000780692681931093,0,0,0.0,0.0,0.0,0.0
reactive_pid,helix,5,790005,1.75,2.25955459166832,0.6849596818084702,3.8147236834951483,3.959360294131268,0.3423577254756461,0.07383933807889609,0.04728221275259568,0.006597355235999775,0.5929809748875368,3.9491409536622637,4.657499876961109,4.6974288132941755,0.08871567738735152,0.17696436601054139,0.1774510150289968,0.0001898854608798636,0.000789734567469019,0.0008136981167984543,0,0,0.0,0.0,0.0,0.0
reactive_pid,helix,6,790006,1.75,1.857684985299853,0.5678289230049591,3.0679262384902355,3.1929387627133394,0.2943066825759924,0.07178662978307024,0.06338811804444792,0.008851066370273232,0.5097541272286649,3.1504145909069114,3.7001554899446183,3.7386824382436967,0.11777809465271732,0.23101515993650537,0.2318966185963839,0.0001565058025586973,0.0006417844082989432,0.0006640879472936402,0,0,0.0,0.0,0.0,0.0
reactive_pid,helix,7,790007,1.75,4.1104723712664715,1.2732753547059625,7.270867989691246,7.452403989421891,0.6109004595995688,0.1826198384968143,0.0737877061583165,0.010788793607726272,1.0581106343936317,7.335234676285564,8.591641282985202,8.688830314442702,0.14059885571998226,0.28959034655787014,0.2941273901640348,0.0003843684349916803,0.0015114370153227923,0.0015817166480874554,0,0,0.0,0.0,0.0,0.0
reactive_pid,helix,8,790008,1.75,2.588216833674409,0.7889917163989656,4.401057376162242,4.572449196010915,0.3916719143687791,0.09453380625639982,0.05721572788047297,0.007989815185920776,0.6783956555844919,4.541460990953469,5.33432632336142,5.385725273587496,0.1073235693298369,0.21364235936411946,0.2141141551526135,0.00022262229391876483,0.0009207870888623803,0.0009408280298020114,0,0,0.0,0.0,0.0,0.0
reactive_pid,helix,9,790009,1.75,4.233740668271219,1.6490297072671634,9.54522986519044,9.551637525490957,0.6370311294370452,0.2589355644355366,0.1081376421065616,0.01651139372523538,1.1033702821879483,10.1171901890298,10.615746913277082,10.596094796881248,0.2047096948874499,0.40269223942686727,0.40531260815882164,0.0004142918863160742,0.001535557876780194,0.0015621082784378858,0,0,0.0,0.0,0.0,0.0
yaw_scheduled_hover,helix,0,790000,1.75,4.201844049161114,2.8024467699965068,15.948349288513723,15.950203540567905,0.03252415635657102,0.023307159959481134,0.004032755449342088,0.024435409076033615,0.05633349128289527,16.05966136368674,16.371317944748238,16.5213388456263,0.3462782953554858,0.6862437248474965,0.7065512493933706,0.0004944865486345393,0.002693081939414706,0.005200472015941038,0,0,1.8061426807346803,2.5311300036264583,2.905720006092451,7.655300025362521
yaw_scheduled_hover,helix,1,790001,1.75,3.771471327001496,1.1544992364276634,6.53284960401991,6.760419259659638,0.008063005054750359,0.0036523161458702864,0.0013595049863582326,0.001687426581235139,0.013965534416512297,6.504726668444906,7.084380398081215,7.094833564886422,0.11689677325980258,0.24322206988354048,0.26741787405037676,0.0003418850716399216,0.001884950377050545,0.004500407172235672,0,0,1.9153361451640822,2.5944599939975888,2.979382013436407,7.537800003774464
yaw_scheduled_hover,helix,2,790002,1.75,2.7206235808352592,0.8434517609208042,4.697585956299364,4.883106586791244,0.006631449451951269,0.003039543717714426,0.0016701092135671394,0.001121455199079758,0.011486007378604385,4.58979337664023,4.993712689832709,5.004604990371318,0.1426741925368367,0.28562761021157396,0.29533842770966773,0.00024535494325796033,0.001308144096656142,0.0031684581559904028,0,0,1.3703706236565487,1.581480019376613,2.024537990801036,3.4496999869588763
yaw_scheduled_hover,helix,3,790003,1.75,2.850133308976447,0.9648443005123726,5.618749149411474,5.626927656518065,0.008407812019723881,0.004051312315892201,0.00205788694164711,0.001965924997781585,0.014562757598650061,5.616468047840679,5.693285160711151,5.73474924328482,0.17583163350532238,0.3503904357152451,0.36022450673485734,0.00027114729883493066,0.0014650744911343676,0.003425489782910095,0,0,1.709429409638918,2.1204700198723003,2.3837020189967006,3.8229000056162477
yaw_scheduled_hover,helix,4,790004,1.75,2.011226955690129,0.6211641978133088,3.55270199342179,3.626414947282248,0.004777383323269224,0.0021718783731643917,0.0015626531866866791,0.0007128352944278935,0.008274670643134549,3.5136253260804535,3.82827462184604,3.8359667881437614,0.13320035193357294,0.2648656653732321,0.2698285858925838,0.00018409914628049598,0.0009709701466379286,0.0023842204750444958,0,0,1.9908956314516126,2.7016599953640252,2.996649999404326,3.632500011008233
yaw_scheduled_hover,helix,5,790005,1.75,2.25955459166832,0.6849596818084702,3.8147236834951483,3.959360294131268,0.004022178988098563,0.0018698641024812329,0.001030164358170732,0.00045033296403687904,0.006966618364522687,3.8460663209114943,4.18644091284532,4.191727343419021,0.08823049357873705,0.17960711329569173,0.18960041238350445,0.0001977059705946274,0.0010605597170228465,0.0026261965251200984,0,0,1.881518306188666,2.30713000637479,2.60928398987744,3.5580999974627048
yaw_scheduled_hover,helix,6,790006,1.75,1.857684985299853,0.5678289230049591,3.0679262384902355,3.1929387627133394,0.0038371982675461332,0.001739375622623801,0.0013808179542180742,0.0006017093048880218,0.006646222358105178,3.0467215934383725,3.3161530202632927,3.3218255570003232,0.11759478641255763,0.23377161597359516,0.23775860986258415,0.00015959079820280356,0.0008427101357158195,0.0020859536459240167,0,0,1.9360485497613509,2.476649999152869,2.745976012083702,3.544600011082366
yaw_scheduled_hover,helix,7,790007,1.75,4.1104723712664715,1.2732753547059625,7.270867989691246,7.452403989421891,0.01002971505527247,0.004581302841333391,0.0016225759114548487,0.0027588426862769147,0.017371976061170406,7.156325353129395,7.787492144163359,7.8054030415257465,0.13909200988648562,0.28684246358532445,0.313444908747615,0.00038149321006832005,0.002158345061776941,0.004962311997882893,0,0,1.5280740253677607,2.03789000515826,2.4374700197950006,2.9887999990023673
yaw_scheduled_hover,helix,8,790008,1.75,2.588216833674409,0.7889917163989656,4.401057376162242,4.572449196010915,0.00516403109366535,0.0023480832086775136,0.00124696399591668,0.0006575961558349563,0.008944364226093862,4.398842989498283,4.787318706265833,4.794608076074707,0.10676491525430794,0.2164902384173429,0.22780498496596296,0.00022888581328422506,0.001223995246377628,0.003014388939226133,0,0,1.3433482496998892,1.4602199982618913,1.6853639972396193,2.195300010498613
yaw_scheduled_hover,helix,9,790009,1.75,4.233740668271219,1.6490297072671634,9.54522986519044,9.551637525490957,0.015081283690664136,0.007598971575775133,0.00238497868781744,0.006303245144847622,0.026121549595590154,9.53571325652535,9.686688673818033,9.763357726143523,0.20362672800686007,0.4097645519702379,0.43331805599853923,0.00041608954947248603,0.0022666323763165666,0.005126182442189509,0,0,1.3562157054529713,1.5797099797055123,1.9356480112764982,2.6264000043738633
edmdc,lissajous,0,792000,1.75,8.75,3.546498512463233,15.661627900526131,16.223291372095424,0.08698207022370794,0.058259621424756804,0.00750926700470142,0.01502260021578331,0.15065736497498614,15.46441077588567,17.058001907574088,17.033623696902794,0.1875278167356478,0.8387575077481404,0.847357072115872,0.0007483612297698627,0.0028398172985025973,0.012783061977123082,0,0,2.999722974438707,3.507400015951134,3.821367989876307,5.233900010352954
edmdc,lissajous,1,792001,1.75,8.750000000000002,3.291300050545196,15.545013849126434,16.42071160990473,0.08288430290486039,0.05070219556423186,0.0030949447356622708,0.008779091259363063,0.1435598237811469,13.12049573413135,13.622453057486595,13.547748751528346,0.1498390886527316,0.4564028932672691,0.45804916806253587,0.000594145039382772,0.0019279098999155078,0.01136053053409216,0,0,3.036250283392118,3.6142899916740134,4.303566021262667,6.301799992797896
edmdc,lissajous,2,792002,1.75,8.75,6.44715576837574,32.99126184456229,33.603867586528004,0.3078038603407115,0.3239865249328763,0.024072124357906025,0.0954755777362511,0.5331319248759473,26.519222998165414,28.415418348692555,25.78319731595471,0.329462355203923,1.3528449246806853,1.4759774799453667,0.0038019624980058617,0.020206027254945087,0.03132424493598048,0,0,3.2946201733738323,5.275070003699511,6.461725988192483,9.245000022929162
edmdc,lissajous,3,792003,1.75,8.75,6.265943310632237,33.04904887008584,34.79700324753549,0.3477060565423524,0.32672310156780177,0.022086013024621577,0.09026322142518364,0.6022445560307712,26.44613436944684,26.976808914314997,25.78315302592298,0.33374590442396407,1.7879940879779115,1.9508559819687707,0.004016584969024426,0.02611294241449255,0.03131188129163547,0,0,4.0976744584652876,5.451320006977767,6.070764005417004,7.168599986471236
edmdc,lissajous,4,792004,1.75,8.75,6.239770481661866,31.241064243997606,32.551352626080536,0.38969201416664445,0.3255903114420075,0.01749586684033947,0.09479508518758265,0.6749663678404788,26.190814834300987,26.607536233079422,25.783114349412585,0.33390225738745477,1.5898768141059774,2.3591337646065327,0.0035680056911521095,0.02005255872836565,0.03673896717671524,0,0,5.098066755831561,6.331580012920313,6.647622005548328,9.208400006173179
edmdc,lissajous,5,792005,1.75,8.749999999999998,6.174920647884509,32.54236587635649,33.22872810229077,0.32960262051920675,0.299787996067323,0.024710026297923553,0.09242348688172035,0.5708884850471102,26.710212905076602,27.54243538557994,25.78319120708176,0.35219477897736906,1.5525143148920946,2.3769265291221133,0.0040428203832532745,0.02505252397239414,0.03561396638095697,0,0,4.972604134654338,6.036889998358673,6.577342023956589,7.440199988195673
edmdc,lissajous,6,792006,1.75,8.75,4.8656201009796405,25.525153571517183,28.926334312748054,0.11826647496042242,0.08693007048719166,0.015991681040125955,0.04295011526028498,0.20484354346352404,24.599056905098696,26.633256519456864,25.783104877667597,0.2607579432446746,0.9391781982655897,0.9564945123346145,0.0015773136340402171,0.005891469697133396,0.012773131163080102,0,0,4.957156185308865,5.537139988155103,6.265712009044364,7.0779000234324485
edmdc,lissajous,7,792007,1.75,8.75,4.3999897084624795,25.448410315836806,25.59588307264126,0.1158462978100487,0.06237627256571237,0.00413949199138491,0.04368725543202862,0.2006516736757595,24.702757680816678,24.88643967258871,24.91361181214903,0.2682195712099351,0.5688963829425997,0.5730084442309841,0.0007045482458004994,0.002360930082499672,0.013655412657446832,0,0,5.054328776210862,6.271439994452521,6.6573240217985585,7.634500012500212
edmdc,lissajous,8,792008,1.75,8.75,4.124405921413299,23.905394941216247,24.49674543211773,0.0769976443811803,0.043563426159335776,0.01566331134017674,0.04307663809566598,0.13336383213132458,20.896640910664146,24.386373077903396,24.03862771676668,0.2568930400228732,0.9214371712613239,0.9375329179929491,0.0014882130644703403,0.0041919657546645025,0.01346263862596824,0,0,5.136033411014085,6.260179996024816,6.633108011446893,7.592100009787828
edmdc,lissajous,9,792009,1.75,8.75,6.325997864427023,35.624430979358195,36.58833999020188,0.506819842113383,0.44705080692733234,0.02570734269801121,0.11295675737231244,0.877837716824416,26.58839016428011,27.52493587513229,25.78338883217318,0.38538103151025527,1.9927216611577456,2.341586809383551,0.004649363012739977,0.03253026514460045,0.03965195893526182,0,0,4.990053584863375,5.814430004102178,6.191869997419417,8.636000013211742
reactive_pid,lissajous,0,792000,1.75,8.75,3.546498512463233,15.661627900526131,16.223291372095424,1.0830265210063126,0.5526161937005383,0.0967893374711103,0.05680807359996847,1.875856960327495,15.051684509037257,17.74839128580281,17.711089603396275,0.18969280460994165,0.8169189223849658,0.826133031540897,0.0009095538072745415,0.003264003373632198,0.0034435521584947207,0,0,0.0,0.0,0.0,0.0
reactive_pid,lissajous,1,792001,1.75,8.750000000000002,3.291300050545196,15.545013849126434,16.42071160990473,1.1213407224161478,0.5088822826929817,0.0765009843633286,0.021931628336376744,1.9422191038207572,13.547620694724142,14.33935950061097,14.381500348213196,0.1567694445206854,0.44884457548135626,0.4496405037818309,0.0008404103850742928,0.0038223662717428606,0.004094256232621965,0,0,0.0,0.0,0.0,0.0
reactive_pid,lissajous,2,792002,1.75,8.75,6.44715576837574,32.99126184456229,33.603867586528004,0.9534524421843665,0.7656529983077726,0.1189244632929135,0.16629884671750994,1.6514280724639503,33.829944604944636,36.24189217601839,36.77188705344452,0.41087145688161697,1.2370816989280642,1.4051569595606457,0.004784699484337206,0.01501652421235794,0.016152972693894936,0,0,0.0,0.0,0.0,0.0
reactive_pid,lissajous,3,792003,1.75,8.75,6.265943310632237,33.04904887008584,34.79700324753549,0.9745807297200739,0.7395760366168954,0.11903520071129432,0.15698852391070625,1.6880233399527198,31.421427931790692,36.798169745677505,37.746148332172496,0.36602862958806515,1.0231403382246218,1.0821779767041702,0.004117162919515905,0.012042987051448416,0.012877937919708588,0,0,0.0,0.0,0.0,0.0
reactive_pid,lissajous,4,792004,1.75,8.75,6.239770481661866,31.241064243997606,32.551352626080536,0.977155492738928,0.7177528873018021,0.13302672918420072,0.14087373315042254,1.6924829603188243,32.28654372513466,37.355880342724134,37.63809011606372,0.3521347192684383,1.1781227295659062,1.2734211177283885,0.003327789555982327,0.012197906677046372,0.013146789058147696,0,0,0.0,0.0,0.0,0.0
reactive_pid,lissajous,5,792005,1.75,8.749999999999998,6.174920647884509,32.54236587635649,33.22872810229077,0.9911037989987455,0.7377861752015332,0.13258483711575741,0.16918106097218963,1.7166421354403594,33.23687694354154,34.98177697670331,35.03040203101162,0.3477043916186118,0.9943762662686001,1.0143023495075303,0.003575855387751422,0.00999113349434778,0.011432045409136638,0,0,0.0,0.0,0.0,0.0
reactive_pid,lissajous,6,792006,1.75,8.75,4.8656201009796405,25.525153571517183,28.926334312748054,1.077520467570654,0.6739909329501109,0.1276665974032077,0.10385492226845354,1.8663201960277456,25.536279448859705,27.71304526465688,27.372423856680047,0.2613564376649123,0.9259105555210022,0.9373403581158329,0.001713287459407961,0.005832258005571589,0.006143877764040624,0,0,0.0,0.0,0.0,0.0
reactive_pid,lissajous,7,792007,1.75,8.75,4.3999897084624795,25.448410315836806,25.59588307264126,1.3277301338863086,0.6885908255432996,0.13311045193954577,0.05732267000358391,2.299696050631314,26.420723272133067,27.143281839496254,27.114964966734806,0.281402082203456,0.6542566795533867,0.6815539721273782,0.0012690350575406512,0.005125782884761048,0.005590992806479988,0,0,0.0,0.0,0.0,0.0
reactive_pid,lissajous,8,792008,1.75,8.75,4.124405921413299,23.905394941216247,24.49674543211773,0.9772231384553469,0.4980642979174484,0.12640937183913056,0.10688977034142244,1.6926001261365766,21.104275618011222,23.88371565985285,23.71612712051807,0.25525966639278225,0.8854091655254568,0.8916491649260351,0.0016032484597498268,0.0047240172668392266,0.004958252274190631,0,0,0.0,0.0,0.0,0.0
reactive_pid,lissajous,9,792009,1.75,8.75,6.325997864427023,35.624430979358195,36.58833999020188,0.9988073567955057,0.7891727517422632,0.13620585716357853,0.23153991101937943,1.7299850889433914,33.50513410248885,37.6773749582277,37.377361300230426,0.43732267130889346,1.347389663083801,1.3688662095802053,0.004861560431728871,0.012814571886280752,0.014072332662113232,0,0,0.0,0.0,0.0,0.0
yaw_scheduled_hover,lissajous,0,792000,1.75,8.75,3.546498512463233,15.661627900526131,16.223291372095424,3.8415445493328,2.234313501318293,0.0074517636815353925,0.01682136949762752,6.653750338983695,16.152129341139684,16.674022961491083,24.910073830175754,0.20049835346990352,0.9359146996655531,1.3214276049702949,0.006381899473704336,0.030072669694677794,0.2475830665126552,0,0,1.3760699231307065,1.6062400041846558,1.885575980413705,2.2160000225994736
yaw_scheduled_hover,lissajous,1,792001,1.75,8.750000000000002,3.291300050545196,15.545013849126434,16.42071160990473,0.0691764010532961,0.09508915613961218,0.00320469310978184,0.010446269501742165,0.11981704130907005,13.262990738245511,16.32387235364806,24.66473938117577,0.16153393261309468,0.6354773920966854,0.9040407384397413,0.0033297976125174545,0.019299848235631467,0.10892268281613897,0,0,1.4194144381591556,1.6851399966981262,2.027137980330735,2.5350000069011003
yaw_scheduled_hover,lissajous,2,792002,1.75,8.75,6.44715576837574,32.99126184456229,33.603867586528004,3.1807149504937926,2.3341794799990048,0.027195577397287972,0.14970629130970825,5.509159898649176,27.03860997346235,28.99756402020272,26.086788639402464,0.5523524926916925,2.794910042039651,3.089392583677182,0.0383871364756519,0.11881773951666612,0.9020600787717611,0,0,1.3432042678684106,1.4623400144046172,1.7116060230182484,2.1704999962821603
yaw_scheduled_hover,lissajous,3,792003,1.75,8.75,6.265943310632237,33.04904887008584,34.79700324753549,11.636959724083635,5.681293657936731,0.027393834264895164,0.17810512943221482,20.15580548774556,27.176648536370536,29.07416512927921,25.865093145192823,0.5256769782502531,2.7953936490015483,3.0966837016144986,0.03838300411970128,0.038033477145314354,0.9002364667207535,0,0,1.4286181730048673,1.9688000000314785,2.697219990659505,4.159500007517636
yaw_scheduled_hover,lissajous,4,792004,1.75,8.75,6.239770481661866,31.241064243997606,32.551352626080536,6.064319454287402,3.3430919878513063,0.0198490221943561,0.1335151233530706,10.503709408154148,27.26543911921116,28.96470316406845,25.949849426776023,0.5121507331506078,2.7837258057983827,3.0140607254692067,0.03387636450180743,0.11425427024361473,0.9007688413745017,0,0,1.638904901353531,2.050440013408661,2.1906800032593305,3.3016999950632453
yaw_scheduled_hover,lissajous,5,792005,1.75,8.749999999999998,6.174920647884509,32.54236587635649,33.22872810229077,4.302981942024163,2.456134019490213,0.025765426045494443,0.1812470216768548,7.452983347637248,27.258091182464266,28.267515072347575,25.952090122762243,0.5076020469132108,2.8093147324918535,3.3512219391945752,0.03342002692881973,0.0566296763688134,0.900513660006382,0,0,1.863849616378391,2.154319989494979,2.657016004086472,3.7373999948613346
yaw_scheduled_hover,lissajous,6,792006,1.75,8.75,4.8656201009796405,25.525153571517183,28.926334312748054,4.205808197512151,2.3296393818054155,0.01606624454058235,0.04373212404598433,7.2846734849807255,26.385750624546255,27.07990826636844,25.899586099806776,0.3012929525003217,1.5158545923906872,1.9957958983666138,0.010376566096841172,0.04170612906856144,0.3502446135449694,0,0,1.9425983661360275,2.421829989179969,2.8588360251160334,3.467400005320087
yaw_scheduled_hover,lissajous,7,792007,1.75,8.75,4.3999897084624795,25.448410315836806,25.59588307264126,0.05945163595199161,0.035671904157354904,0.004308756667794187,0.04691586134477817,0.10297325406193795,25.070330177158834,25.289312727971986,25.783140976219805,0.2696268357959232,0.5777581179081281,0.6602019404942606,0.0010277789743006265,0.005597385819899735,0.010360402455346817,0,0,1.9314269422942902,2.4569999950472265,2.8025240055285394,3.2835000019986182
yaw_scheduled_hover,lissajous,8,792008,1.75,8.75,4.124405921413299,23.905394941216247,24.49674543211773,0.034918573655613266,0.023925782319668548,0.015549249609500307,0.04099530451027864,0.06048074369935828,21.36539920270949,24.60588892620734,24.196549223974706,0.2570098924552423,0.9083760243486606,0.9218369825520348,0.0016835270349160373,0.0057122290838241266,0.013349091766550941,0,0,1.9198425806901676,2.3402000049827616,2.683195999707095,3.3685000089462847
yaw_scheduled_hover,lissajous,9,792009,1.75,8.75,6.325997864427023,35.624430979358195,36.58833999020188,10.546983616957847,5.69027295211589,0.031274438544389264,0.19579038020347633,18.26791149116756,27.755142778287833,29.90962578964724,25.869972968680898,0.5619117612777061,2.871614042501764,3.165480787224336,0.040394516546348014,0.030548897127430332,0.9000893025969179,0,0,1.9194266424480504,2.302849985426292,2.9109100165078416,4.225099983159453
edmdc,waypoint,0,793000,1.75,6.125000000000001,5.531359568755202,23.015467562138394,30.526295979922107,0.07128213501708457,0.0699765312168112,0.01967915466046248,0.051710989320722135,0.12346427952157508,22.416240524149774,26.321149692947145,25.78311057484483,0.3050348032737753,1.0772571945924412,1.2292658036406185,0.0021722355910153797,0.014021189284966352,0.01655938097230611,0,0,5.110793897913004,6.204520008759573,6.598815984325483,8.058899984462187
edmdc,waypoint,1,793001,1.75,6.125000000000001,2.621541907606211,13.406034820115613,14.876535540328806,0.03480615364074362,0.02575313814146262,0.01312462079516565,0.030857530387726886,0.0602860265218164,12.532352448974576,20.20291480173166,25.783113460330352,0.2268017917571587,0.8993623767943574,1.4956821605110602,0.0015221343920227173,0.0029729360333490117,0.024087585550942193,0,0,4.516649382936862,6.104680005228147,6.418910010252148,9.679200011305511
edmdc,waypoint,2,793002,1.75,6.125000000000001,4.391754089996067,19.16250578393145,23.946500012902696,0.047143182376641515,0.03481319113643156,0.01869460831909683,0.050874929372916176,0.0816543871068288,17.584982559776236,20.717065328096623,20.526664099931768,0.2573418182098904,0.909292671232154,0.9222564300540913,0.0013271627643557972,0.003975955490301139,0.005601218179010127,0,0,4.00763741251011,5.59151999768801,6.503473985940218,10.130200011190027
edmdc,waypoint,3,793003,1.75,6.125,5.14587095335334,21.362045443786283,28.633428652484785,0.045307255884942665,0.04223935988409106,0.024245198742932902,0.09761873888179655,0.07847446914424472,17.997026678623754,26.625348167847413,25.783105799194058,0.24743068332336687,1.020896758255329,1.4759394864353548,0.0019200824398781582,0.0077304689879502024,0.021272836933293248,0,0,3.952127408806347,5.706450017169117,6.547327995649539,7.4720999982673675
edmdc,waypoint,4,793004,1.75,6.125,2.615697137140648,12.799744678031812,14.909984571936189,0.03537845229377173,0.01908809690853655,0.010151540578119836,0.020952359479756773,0.06127727686596432,12.343626895909708,13.265421533760204,14.025116413728982,0.19895167433484084,0.8702696918427167,0.8916506921434462,0.000863857631621929,0.004607824061826302,0.010788067480493102,0,0,4.977545915048839,6.2411899969447395,6.783951995312236,14.329099998576567
edmdc,waypoint,5,793005,1.75,5.06466794622824,7.000000000000001,26.787272490754685,35.81318572322701,0.07005812817335287,0.07895463021896114,0.028751846902276407,0.09859847267532615,0.12134423747941975,23.669950231574223,26.30425331161144,25.783111059398546,0.39797359008378697,1.0218071772944293,1.1352175925153503,0.0032271200203986042,0.010830787826033307,0.015550599225503938,0,0,5.026379159960921,6.066010001813993,6.36594598647207,7.274000003235415
edmdc,waypoint,6,793006,1.75,6.125,3.874891073532285,17.799133659207527,21.6588292072506,0.04660906642491219,0.036069943732632996,0.020052998720562373,0.04471910970146644,0.08072927114130062,15.64660839750394,20.18012759747851,25.783106950561205,0.3074212024736939,0.9039681845976684,1.451842708064669,0.001698273900108811,0.009657036423963764,0.020508812488813696,0,0,4.984743314223873,5.983170011313632,6.201906017377041,7.190100004663691
edmdc,waypoint,7,793007,1.75,6.124999999999999,4.409170979499485,18.068572330793806,23.989623062927368,0.04457360601047305,0.030908814995218796,0.016415159403316573,0.04620825677796101,0.0772037502866968,17.40545259305287,23.253028912453896,23.227309708683805,0.235809858123722,0.9102808176617576,0.9349657628561936,0.0012298032273665084,0.004591167077136764,0.005138825596289801,0,0,4.981475858310567,6.033199984813109,6.228729988797568,7.129899982828647
edmdc,waypoint,8,793008,1.75,4.68224760858476,7.000000000000001,27.652627531144788,36.63254891606779,0.07769913062427423,0.10286530799721495,0.024987633701206942,0.07847711017451431,0.13457884194517386,25.680368189370565,27.088646010271997,25.783104975317723,0.3489348326183005,1.0404455203647596,1.076956439499818,0.002561095762150657,0.012217286071983377,0.019118036237494373,0,0,4.890958853246083,5.474760007928126,6.062216000864282,6.4039000135380775
edmdc,waypoint,9,793009,1.75,6.124999999999999,6.153823011331069,26.330723222505082,31.010971803461803,0.07032625477126649,0.0674211862090549,0.024496098889216302,0.08760225023275041,0.12180864636986674,25.583850924563617,26.42283350532729,25.78311032976274,0.32328814558822416,0.9962928295055381,1.4210058147672455,0.0024446835899513816,0.00952015583188974,0.01956292221009626,0,0,4.266422440888092,5.829700001049786,6.278265987639315,6.953000003704801
reactive_pid,waypoint,0,793000,1.75,6.125000000000001,5.531359568755202,23.015467562138394,30.526295979922107,0.6252695561649049,0.45465821119387434,0.14205293110560951,0.13879619609771382,1.0829986397036568,25.90383095183356,36.874415757318204,37.35729133542155,0.31888528334050825,0.9543033921221223,0.9671740414274725,0.0024624560512093606,0.006323876401466878,0.006444916371064708,0,0,0.0,0.0,0.0,0.0
reactive_pid,waypoint,1,793001,1.75,6.125000000000001,2.621541907606211,13.406034820115613,14.876535540328806,0.6067370686539011,0.25060574359992477,0.11139760470460673,0.093730200473847,1.0508994297439629,13.943108045013606,16.203837228843927,16.335473888884454,0.22445228850062085,0.9158448813771981,0.940708787997367,0.001285196574592664,0.004389297648025685,0.00487845719235586,0,0,0.0,0.0,0.0,0.0
reactive_pid,waypoint,2,793002,1.75,6.125000000000001,4.391754089996067,19.16250578393145,23.946500012902696,0.5200040749293003,0.34451671414923923,0.12803954303016393,0.13091138606488373,0.9006734779204016,20.12934834926344,24.025764021415103,24.723725160348636,0.2684849698609893,0.8671043514344842,0.8817629419638765,0.0018732774234290802,0.005771352948715623,0.005995284819725816,0,0,0.0,0.0,0.0,0.0
reactive_pid,waypoint,3,793003,1.75,6.125,5.14587095335334,21.362045443786283,28.633428652484785,0.5907693523052227,0.4008563874794493,0.10672163462373907,0.18969144125873733,1.0232425337472035,21.53304040781743,31.838251799645537,31.615950367613685,0.2469519031141728,0.8811923226784697,0.917622901335395,0.002084703714697419,0.006335353610670938,0.006675266463670037,0,0,0.0,0.0,0.0,0.0
reactive_pid,waypoint,4,793004,1.75,6.125,2.615697137140648,12.799744678031812,14.909984571936189,0.5913206524173796,0.22256645991908883,0.10230788264655162,0.07142176168052804,1.0241974135516778,12.961740154590565,14.527416661257924,14.551406050365573,0.19989164809780566,0.8103713565838755,0.8174620594261353,0.0009215429191743505,0.0030674907363206646,0.003419700222183533,0,0,0.0,0.0,0.0,0.0
reactive_pid,waypoint,5,793005,1.75,5.06466794622824,7.000000000000001,26.787272490754685,35.81318572322701,0.455533045170713,0.639131657357742,0.17552373820547987,0.21293957246168876,0.7890063787622433,33.29349009593715,42.3993585605685,44.02896106418385,0.5550311222189359,1.9827095887584407,2.101765180179712,0.005953285347982373,0.02126661024864245,0.029275356621969836,0,0,0.0,0.0,0.0,0.0
reactive_pid,waypoint,6,793006,1.75,6.125,3.874891073532285,17.799133659207527,21.6588292072506,0.5170483481704713,0.3109589020318215,0.15375829245965558,0.13515112513195165,0.8955540090008188,17.64108040122713,21.453166903264773,21.129411779492052,0.2943453533313881,0.8334122716475566,0.8378187253906866,0.0013546531811766893,0.003639322871357899,0.0036883144037069496,0,0,0.0,0.0,0.0,0.0
reactive_pid,waypoint,7,793007,1.75,6.124999999999999,4.409170979499485,18.068572330793806,23.989623062927368,0.5565643928336597,0.3287241059602741,0.11489852833310549,0.12098778350205576,0.9639978060716221,21.328670794356483,27.35461988165459,27.866404471833476,0.26885044490393845,0.9646615837306273,1.0040369756352379,0.0021843448167508227,0.007429933059715109,0.0081876069883244,0,0,0.0,0.0,0.0,0.0
reactive_pid,waypoint,8,793008,1.75,4.68224760858476,7.000000000000001,27.652627531144788,36.63254891606779,0.40108276616273436,0.4774590701222794,0.15740631526481275,0.1785469434835332,0.6946957290341232,30.103531286257336,31.841860087898038,31.952442394812504,0.38627564193520064,1.3024836007870517,1.3563354312109726,0.0033789350315997276,0.011678334291354649,0.012070632121827391,0,0,0.0,0.0,0.0,0.0
reactive_pid,waypoint,9,793009,1.75,6.124999999999999,6.153823011331069,26.330723222505082,31.010971803461803,0.6337461871596606,0.5551618054281343,0.1449208831920396,0.16120739967860778,1.0976805952635869,29.776732658985743,36.62571508877862,37.34208354916352,0.38152295365022115,1.2134784491935606,1.2764836415999332,0.0036256265238747867,0.01107491625459582,0.011374044483167627,0,0,0.0,0.0,0.0,0.0
yaw_scheduled_hover,waypoint,0,793000,1.75,6.125000000000001,5.531359568755202,23.015467562138394,30.526295979922107,0.08095462320974503,0.14843717609396376,0.01942748836492316,0.05450554749486862,0.14021752050687306,25.685131705611575,27.145749296063812,25.918054905600513,0.47028773970446497,2.7462386281909508,2.8822483726146273,0.02469781362997444,0.08119515149697788,0.796780000318661,0,0,1.8711345446684684,2.1365199994761497,2.5912980257999148,3.209399990737438
yaw_scheduled_hover,waypoint,1,793001,1.75,6.125000000000001,2.621541907606211,13.406034820115613,14.876535540328806,0.013872511442464073,0.0094651510172072,0.013134398933343049,0.029991345251600268,0.02402789464692839,12.893485622260432,13.986912213285919,14.523078823224125,0.21558096059448,0.8972612128521074,0.9774009490237321,0.0011725130487951698,0.0057707111741516,0.02030459624270825,0,0,1.904733411392238,2.3701600002823398,2.4863399856258184,2.9778000025544316
yaw_scheduled_hover,waypoint,2,793002,1.75,6.125000000000001,4.391754089996067,19.16250578393145,23.946500012902696,0.022757206027417685,0.021632705184736187,0.01865392912551178,0.049007049268025626,0.03941663707780012,18.65787082892962,22.061270115987575,23.57760776889947,0.2588683543419517,0.9064869087220336,0.9183266192605996,0.0018117676175608134,0.007527093689871081,0.024969887369329275,0,0,1.9684997331817635,2.3983399878488854,2.657645979197696,3.71740001719445
yaw_scheduled_hover,waypoint,3,793003,1.75,6.125,5.14587095335334,21.362045443786283,28.633428652484785,0.02956843273876648,0.03226987361771096,0.024306546244458316,0.09325489279623596,0.05121402780372652,18.0692016592439,26.877881742888977,25.830855011806385,0.24389521214107274,1.0009038437479063,1.1978281372043131,0.0037849844395176366,0.010014150857979015,0.1793850509990203,0,0,1.4272249416641023,1.8801500234985724,2.180779986083507,3.5997000231873244
yaw_scheduled_hover,waypoint,4,793004,1.75,6.125,2.615697137140648,12.799744678031812,14.909984571936189,0.01240049240652663,0.007368918906558931,0.010151671265234223,0.020430414390470778,0.021478282886976178,12.560677454793895,14.115886650759066,14.561177786137769,0.19603371153526963,0.8700730330567713,0.8909699821423649,0.0008205387324105116,0.004064686045564772,0.012163101994024074,0,0,1.8350242412787754,2.4408000113908197,2.8742799995234236,3.7440000160131603
yaw_scheduled_hover,waypoint,5,793005,1.75,5.06466794622824,7.000000000000001,26.787272490754685,35.81318572322701,0.04288313912692792,0.072951877195681,0.02849456298574659,0.09900374220746708,0.07427577575588402,25.49168533376547,26.603897239543574,25.976510550273986,0.4273727771050386,1.9609003280560842,2.801367085916529,0.01256169310146457,0.019208399658158397,0.6324735024157311,0,0,2.000783327963823,2.4474999838275835,2.740305998013355,4.3191000004298985
yaw_scheduled_hover,waypoint,6,793006,1.75,6.125,3.874891073532285,17.799133659207527,21.6588292072506,0.019633765782616105,0.016978215262545532,0.019993406107066018,0.04362211273620752,0.03400667987939841,15.681108000698535,22.02944168904866,22.35092001513969,0.29840865081398243,0.8972925335479143,0.9050890981350337,0.0013436323912175924,0.005974055998884774,0.01765416133124656,0,0,1.9320490162714195,2.379820018541068,2.5320600130362436,3.0805999995209277
yaw_scheduled_hover,waypoint,7,793007,1.75,6.124999999999999,4.409170979499485,18.068572330793806,23.989623062927368,0.02043561721056929,0.022727692445442697,0.016307879460825,0.044074249511494405,0.035395527292734985,18.48616115410018,24.490059548993845,24.27113320385212,0.23980225340415176,0.9090441066318762,1.023113709581439,0.0019781576087121292,0.011672169019583735,0.027792098062250428,0,0,1.8771868959555564,2.21122998627834,2.4736439756816253,3.411600016988814
yaw_scheduled_hover,waypoint,8,793008,1.75,4.68224760858476,7.000000000000001,27.652627531144788,36.63254891606779,0.8944150017527798,1.0926612950783263,0.03705230533641796,0.2206527275355868,1.549172226087621,26.979748405353497,28.208229663656006,26.078560025661833,0.7690903989013247,3.208837553733467,3.552426624120114,0.049509177015246035,0.3440120340684327,0.900034338286026,0,0,1.8662436148960724,2.2238100209506224,2.475428016623482,2.9412999865598977
yaw_scheduled_hover,waypoint,9,793009,1.75,6.124999999999999,6.153823011331069,26.330723222505082,31.010971803461803,0.04998764559524256,0.06855518710799473,0.024904280764694413,0.08670670217924259,0.08658114192170671,26.033082676568032,26.519595799027368,25.987583687799372,0.33337958363038417,1.3946422849615947,1.7071962380198158,0.009967488470806038,0.02191178079746732,0.45164179015732203,0,0,1.8523127042755818,2.034040004946291,2.312508000759408,2.7212999993935227
